{
  "entity_sounds": {
    "entities": {
      "ho:sirenhead": {
        "volume": 1.0,
        "pitch": [ 0.95, 1.05 ],
        "events": {
          "hurt": "mob.sirenhead.hurt",
          "death": "mob.sirenhead.death",
		  "attack": "mob.sirenhead.attack",
		  "roar": "mob.sirenhead.stump",
		  "plop": "mob.sirenhead.pick",
          "step": {
            "sound": "mob.sirenhead.step",
            "volume": 0.4,
            "pitch": 1.0
          }
        }
      },
	  "ho:sirenhead_boss": {
        "volume": 1.0,
        "pitch": [ 0.95, 1.05 ],
        "events": {
          "hurt": "mob.sirenhead.hurt",
          "death": "mob.sirenhead.death",
		  "attack": "mob.sirenhead.attack",
		  "roar": "mob.sirenhead.stump",
		  "plop": "mob.sirenhead.pick",
          "step": {
            "sound": "mob.sirenhead.step",
            "volume": 0.4,
            "pitch": 1.0
          }
        }
      },
	  "ho:lighthead": {
        "volume": 1.0,
        "pitch": [ 0.95, 1.05 ],
        "events": {
          "hurt": "mob.sirenhead.hurt",
          "death": "mob.sirenhead.death",
		  "attack": "mob.sirenhead.attack",
		  "roar": "mob.sirenhead.stump",
		  "plop": "mob.sirenhead.pick",
          "step": {
            "sound": "mob.sirenhead.step",
            "volume": 0.4,
            "pitch": 1.0
          }
        }
      },
	  "ho:cartoon_cat": {
        "volume": 1.0,
        "pitch": [ 0.95, 1.05 ],
        "events": {
          "ambient": "mob.cartoon_cat.idle",
          "hurt": "mob.sirenhead.hurt",
          "death": "mob.cartoon_cat.death",
		  "plop": "mob.cartoon_cat.grab",
		  "step": {
            "sound": "",
            "volume": 0.4,
            "pitch": 1.0
          }
        }
      }
    }
  }
}