{
	"format_version": "1.8.0",
	"animations": {
		"animation.cartoon_hand2.general": {
			"loop": "hold_on_last_frame",
			"anim_time_update": "query.anim_time + query.delta_time * 0.5",
			"bones": {
				"left_arm24": {
					"rotation": ["0+Math.sin(query.life_time * 360.0) * 3", 0, "0+Math.sin(query.life_time * 180.0) * 3"]
				},
				"left_arm25": {
					"rotation": ["0+Math.sin(query.life_time * 360.0) * 3", 0, "0+Math.sin(query.life_time * 180.0) * 3"]
				},
				"left_arm26": {
					"rotation": ["0+Math.sin(query.life_time * 360.0) * 3", 0, "0+Math.sin(query.life_time * 180.0) * 3"]
				},
				"left_arm27": {
					"rotation": ["0+Math.sin(query.life_time * 360.0) * 3", 0, "0+Math.sin(query.life_time * 180.0) * 3"]
				},
				"left_arm19": {
					"rotation": ["0+Math.sin(query.life_time * 360.0) * 3", 0, "0+Math.sin(query.life_time * 180.0) * 3"]
				},
				"left_arm20": {
					"rotation": ["0+Math.sin(query.life_time * 360.0) * 3", 0, "0+Math.sin(query.life_time * 180.0) * 3"]
				},
				"left_arm21": {
					"rotation": ["0+Math.sin(query.life_time * 360.0) * 3", 0, "0+Math.sin(query.life_time * 180.0) * 3"]
				},
				"left_arm22": {
					"rotation": ["0+Math.sin(query.life_time * 360.0) * 3", 0, "0+Math.sin(query.life_time * 180.0) * 3"]
				},
				"left_arm14": {
					"rotation": ["0+Math.sin(query.life_time * 360.0) * 3", 0, "0+Math.sin(query.life_time * 180.0) * 3"]
				},
				"left_arm15": {
					"rotation": ["0+Math.sin(query.life_time * 360.0) * 3", 0, "0+Math.sin(query.life_time * 180.0) * 3"]
				},
				"left_arm16": {
					"rotation": ["0+Math.sin(query.life_time * 360.0) * 3", 0, "0+Math.sin(query.life_time * 180.0) * 3"]
				},
				"left_arm17": {
					"rotation": ["0+Math.sin(query.life_time * 360.0) * 3", 0, "0+Math.sin(query.life_time * 180.0) * 3"]
				},
				"left_arm": {
					"rotation": ["0+Math.sin(query.life_time * 360.0) * 3", 0, "0+Math.sin(query.life_time * 180.0) * 3"]
				},
				"left_arm2": {
					"rotation": ["0+Math.sin(query.life_time * 360.0) * 3", 0, "0+Math.sin(query.life_time * 180.0) * 3"]
				},
				"left_arm3": {
					"rotation": ["0+Math.sin(query.life_time * 360.0) * 3", 0, "0+Math.sin(query.life_time * 180.0) * 3"]
				},
				"left_arm4": {
					"rotation": ["0+Math.sin(query.life_time * 360.0) * 3", 0, "0+Math.sin(query.life_time * 180.0) * 3"]
				},
				"left_arm6": {
					"rotation": ["0+Math.sin(query.life_time * 360.0) * -3", 0, "-47.5+Math.sin(query.life_time * 180.0) * -3"]
				},
				"left_arm7": {
					"rotation": [7.5, 0, "0+Math.sin(query.life_time * 180.0) * 30"]
				},
				"left_arm8": {
					"rotation": [0, 0, "-27.5+Math.sin(query.life_time * 180.0) * 30"]
				},
				"left_arm9": {
					"rotation": [0, 0, "0+Math.sin(query.life_time * 180.0) * 30"]
				},
				"left_arm10": {
					"rotation": [0, 0, "-30+Math.sin(query.life_time * 180.0) * 30"]
				},
				"left_arm11": {
					"rotation": [-5, 0, "0+Math.sin(query.life_time * 180.0) * 30"]
				},
				"left_arm12": {
					"rotation": [0, 0, "-35+Math.sin(query.life_time * 180.0) * 30"]
				},
				"left_arm13": {
					"rotation": [-12.5, 0, -20]
				}
			}
		},
		"animation.cartoon_hand2.attack": {
			"animation_length": 0.96,
			"anim_time_update": "query.anim_time + query.delta_time * 0.5",
			"bones": {
				"left_arm24": {
					"rotation": {
						"0.0": [67.5, -95, 0],
						"0.24": [67.5, -172.5, 0],
						"0.36": [67.5, -218.75, 0],
						"0.4": [62.5, -204.58, 0],
						"0.44": [57.5, 0, 65],
						"0.48": [52.5, -90, 0]
					},
					"scale": {
						"0.36": [1, 1, 1],
						"0.48": [20.2, 13.3, 20.2],
						"0.96": [1, 1, 1]
					}
				},
				"left_arm25": {
					"rotation": {
						"0.0": [-22.27172, -8.25166, -166.91352],
						"0.24": [-19.24422, 1.5593, -110.51371],
						"0.32": [-9.55102, 4.60018, -72.45538],
						"0.48": ["0+query.target_x_rotation - this", 10.69495, 3.65282],
						"0.72": ["7.5+query.target_x_rotation - this", 10.71447, 2.94896],
						"0.96": [-90.44118, 11.80461, -82.60939]
					}
				},
				"left_arm26": {
					"rotation": {
						"0.0": [-0.26004, -0.44383, 0.06346],
						"0.24": [-0.11442, 0.05368, 0.08899],
						"0.32": [-0.24252, 0.23006, -0.08511],
						"0.48": [0.02448, 0.56994, 0.00556],
						"0.72": [0.07208, 0.57002, 0.01697],
						"0.96": [-0.23987, 0.57362, -1.70598]
					}
				},
				"left_arm27": {
					"rotation": {
						"0.0": [-0.53806, 0.06967, 0.13002],
						"0.24": [-0.25699, -0.43634, 0.11757],
						"0.32": [-0.53722, -0.60972, -0.20794],
						"0.48": [0.00061, -0.95176, 0.00038],
						"0.72": [0.14944, -0.94997, 0.03278],
						"0.96": [0.08097, -0.9442, -0.08696]
					}
				},
				"left_arm19": {
					"rotation": {
						"0.0": [-0.87487, 0.12996, 0.21291],
						"0.24": [-0.38416, -0.53275, 0.16758],
						"0.32": [-0.98345, -0.75906, -0.41927],
						"0.48": [0.00095, -1.21516, 0.00053],
						"0.72": [0.23825, -1.21993, 0.04697],
						"0.96": [0.10569, -1.21114, 0.0201]
					}
				},
				"left_arm20": {
					"rotation": {
						"0.0": [-1.36099, 0.17982, 0.34676],
						"0.24": [-0.50197, -0.84087, 0.22361],
						"0.32": [-1.68126, -1.18746, -0.75586],
						"0.48": [0.00122, -1.88316, 0.00064],
						"0.72": [0.34339, -1.8799, 0.0561],
						"0.96": [0.14827, -1.86345, 0.35052]
					}
				},
				"left_arm21": {
					"rotation": {
						"0.0": [-2.33152, 0.24931, 0.66804],
						"0.24": [-0.60891, -2.44199, 0.2961],
						"0.32": [-2.7665, -3.33443, -1.14933],
						"0.48": [0.00143, -5.13746, 0.00062],
						"0.72": [0.47186, -5.13993, 0.03406],
						"0.96": [0.28852, -5.13164, 1.08633]
					}
				},
				"left_arm22": {
					"rotation": {
						"0.0": [-5.0976, 0.35925, 1.71862],
						"0.24": [-0.69536, -4.0133, 0.38713],
						"0.32": [-4.38699, -5.44061, -1.40236],
						"0.48": [0.00176, -8.31221, 0.00043],
						"0.72": [0.63416, -8.3101, -0.04684],
						"0.96": [0.81386, -8.33615, 2.50045]
					}
				},
				"left_arm14": {
					"rotation": {
						"0.0": [-14.20394, 0.4515, 5.46275],
						"0.24": [-0.78031, -3.68875, 0.46432],
						"0.32": [-6.5604, -5.01708, -1.38127],
						"0.48": [0.00206, -7.71731, 0.00018],
						"0.72": [0.82469, -7.72042, -0.17117],
						"0.96": [2.36931, -7.79102, 4.85163]
					}
				},
				"left_arm15": {
					"rotation": {
						"0.0": [-35.08286, 0.15249, 16.46061],
						"0.24": [-1.18561, -6.66147, 0.54465],
						"0.32": [-8.94984, -8.67529, -0.18486],
						"0.48": [0.00233, -12.76028, -0.00029],
						"0.72": [1.07074, -12.76134, -0.45746],
						"0.96": [5.52909, -13.23002, 7.38626]
					}
				},
				"left_arm16": {
					"rotation": {
						"0.0": [-42.92571, 0.57881, 30.01543],
						"0.24": [-4.37554, -6.90166, 0.72868],
						"0.32": [-10.82122, -8.75763, 2.10843],
						"0.48": [0.00228, -12.57372, -0.00071],
						"0.72": [1.30767, -12.57346, -0.87204],
						"0.96": [10.4506, -13.64827, 7.96483]
					}
				},
				"left_arm17": {
					"rotation": {
						"0.0": [-26.69761, 1.11913, 25.97973],
						"0.24": [-25.61336, -2.53897, 2.08316],
						"0.32": [-10.84999, -3.30989, 3.94814],
						"0.48": [0.00175, -5.16107, -0.0008],
						"0.72": [1.49184, -5.16773, -1.26651],
						"0.96": [13.02317, -7.414, 6.70488]
					}
				},
				"left_arm": {
					"rotation": {
						"0.0": [-12.48809, 21.79934, 8.02347],
						"0.24": [-67.43436, 24.89539, -37.77564],
						"0.32": [-10.53757, 24.84405, 0.81569],
						"0.48": [0.00148, 22.25791, -0.00018],
						"0.72": [1.9619, 22.24797, -0.92013],
						"0.96": [11.83872, 17.21813, 9.11525]
					}
				},
				"left_arm2": {
					"rotation": {
						"0.0": [-248.61509, 100.46785, -242.23343],
						"0.24": [-231.86438, 149.14443, -251.14606],
						"0.32": [-192.52985, 134.68759, -185.63773],
						"0.48": [-179.15831, 103.33367, -179.333],
						"0.72": [-167.56064, 103.75833, -169.00627],
						"0.96": [-167.68053, 125.37416, -163.64504]
					}
				},
				"left_arm3": {
					"rotation": {
						"0.0": [0.69793, 31.80039, 2.0594],
						"0.24": [3.05783, 25.7698, -12.09616],
						"0.32": [-6.21189, 27.82012, -3.45823],
						"0.48": [-0.26473, 32.0336, -0.28167],
						"0.72": [2.14134, 32.57393, 4.2718],
						"0.96": [-2.9396, 66.57606, 3.66031]
					}
				},
				"left_arm4": {
					"rotation": {
						"0.0": [-7.64406, 7.33614, 0.02988],
						"0.24": [-0.81705, 14.51691, 5.57513],
						"0.32": [-14.83309, 11.51078, -2.57238],
						"0.48": [-9.43124, 7.38238, 0.01437],
						"0.72": [-9.32484, 6.6379, -5.34001],
						"0.96": [-14.85828, 7.7608, 0.28548]
					}
				},
				"left_arm5": {
					"rotation": {
						"0.0": [-204.19554, 79.89024, 65.31402],
						"0.24": [-110.51594, 66.03603, 160.25853],
						"0.32": [-144.37308, 79.8752, 125.79896],
						"0.48": [-204.33256, 79.60343, 65.30986],
						"0.72": [-186.06601, 79.85679, 76.3134],
						"0.96": [-116.05947, 74.38375, 155.08415]
					}
				},
				"left_arm6": {
					"rotation": {
						"0.0": [-85, 0, 0],
						"0.48": [-85, 0, 97.5],
						"0.96": [-85, 0, 192.5]
					},
					"scale": [1, 6.1, 1]
				},
				"left_arm7": {
					"rotation": [7.5, 0, 90]
				},
				"left_arm8": {
					"rotation": [0, 0, 80]
				},
				"left_arm9": {
					"rotation": [0, 0, 90]
				},
				"left_arm10": {
					"rotation": [0, 0, 77.5]
				},
				"left_arm11": {
					"rotation": [-7.5, 0, 90]
				},
				"left_arm12": {
					"rotation": [0, 0, 85]
				},
				"left_arm13": {
					"rotation": [-7.5, 82.5, 75]
				}
			}
		}
	}
}