{
	"format_version": "1.8.0",
	"animations": {
		"animation.cartoon_hand.general": {
			"loop": true,
			"bones": {
				"left_arm": {
					"rotation": ["0+Math.cos(query.anim_time * 90 + 90) *-20.0", 0, "20+Math.cos(query.anim_time * 180 + 180) *20.0"]
				},
				"left_arm2": {
					"rotation": [0, 0, "0+Math.cos(query.anim_time * 180 + 180) *20.0"]
				},
				"left_arm3": {
					"rotation": [0, 0, "0+Math.cos(query.anim_time * 180 + 180) *20.0"]
				},
				"left_arm4": {
					"rotation": [0, 0, "0+Math.cos(query.anim_time * 180 + 180) *20.0"]
				},
				"left_arm6": {
					"rotation": [0, 0, "0+Math.cos(query.anim_time * 180 + 180) *50.0"]
				},
				"left_arm7": {
					"rotation": [15, 0, "-27.5+Math.cos(query.anim_time * 180 + 180) *-32.0"]
				},
				"left_arm8": {
					"rotation": [0, 0, "-42.5+Math.cos(query.anim_time * 180 + 180) *-32.0"]
				},
				"left_arm9": {
					"rotation": [0, 0, "-25+Math.cos(query.anim_time * 180 + 180) *-22.0"]
				},
				"left_arm10": {
					"rotation": [0, 0, "-32.5+Math.cos(query.anim_time * 180 + 180) *-22.0"]
				},
				"left_arm11": {
					"rotation": [-15, 0, "-20+Math.cos(query.anim_time * 180 + 180) *-12.0"]
				},
				"left_arm12": {
					"rotation": [0, 0, "-32.5+Math.cos(query.anim_time * 180 + 180) *-12.0"]
				},
				"left_arm13": {
					"rotation": [-20, 0, "0+Math.cos(query.anim_time * 180 + 180) *-15.0"]
				},
				"left_arm24": {
					"rotation": [0, 90, 0],
					"position": [0, -30, 0]
				},
				"left_arm16": {
					"rotation": ["0+Math.cos(query.anim_time * 90 + 90) *-20.0", 0, "20+Math.cos(query.anim_time * 180 + 180) *20.0"]
				},
				"left_arm17": {
					"rotation": ["0+Math.cos(query.anim_time * 90 + 90) *-20.0", 0, "20+Math.cos(query.anim_time * 180 + 180) *20.0"]
				},
				"left_arm25": {
					"rotation": ["0+Math.cos(query.anim_time * 90 + 90) *1.0", 0, "0+Math.cos(query.anim_time * 180 + 180) *1.0"]
				},
				"left_arm26": {
					"rotation": ["0+Math.cos(query.anim_time * 90 + 90) *1.0", 0, "0+Math.cos(query.anim_time * 180 + 180) *1.0"]
				},
				"left_arm27": {
					"rotation": ["0+Math.cos(query.anim_time * 90 + 90) *1.0", 0, "0+Math.cos(query.anim_time * 180 + 180) *1.0"]
				},
				"left_arm19": {
					"rotation": ["0+Math.cos(query.anim_time * 90 + 90) *1.0", 0, "0+Math.cos(query.anim_time * 180 + 180) *1.0"]
				},
				"left_arm20": {
					"rotation": ["0+Math.cos(query.anim_time * 90 + 90) *1.0", 0, "0+Math.cos(query.anim_time * 180 + 180) *1.0"]
				},
				"left_arm21": {
					"rotation": ["0+Math.cos(query.anim_time * 90 + 90) *1.0", 0, "0+Math.cos(query.anim_time * 180 + 180) *1.0"]
				},
				"left_arm22": {
					"rotation": ["0+Math.cos(query.anim_time * 90 + 90) *1.0", 0, "0+Math.cos(query.anim_time * 180 + 180) *1.0"]
				},
				"left_arm14": {
					"rotation": ["0+Math.cos(query.anim_time * 90 + 90) *1.0", 0, "0+Math.cos(query.anim_time * 180 + 180) *1.0"]
				},
				"left_arm15": {
					"rotation": ["0+Math.cos(query.anim_time * 90 + 90) *20.0", 0, "0+Math.cos(query.anim_time * 180 + 180) *20.0"]
				}
			}
		},
		"animation.cartoon_hand.attack": {
			"animation_length": 0.96,
			"bones": {
				"left_arm": {
					"rotation": {
						"0.0": [-35.89294, 0, 0],
						"0.24": [-11.72287, 0, 0],
						"0.48": [9.06269, 0, 0],
						"0.72": [1.43061, 0, 0],
						"0.96": [-0.04395, 0, 0]
					}
				},
				"left_arm2": {
					"rotation": {
						"0.0": [-25.84425, 0, 0],
						"0.24": [-10.09039, 0, 0],
						"0.48": [-0.97628, 0, 0],
						"0.72": [0.59836, 0, 0],
						"0.96": [-0.03879, 0, 0]
					}
				},
				"left_arm3": {
					"rotation": {
						"0.0": [-13.57572, 0, 0],
						"0.24": [-8.18153, 0, 0],
						"0.48": [31.85006, 0, 0],
						"0.72": [-0.0173, 0, 0],
						"0.96": [-0.03259, 0, 0]
					}
				},
				"left_arm4": {
					"rotation": {
						"0.0": [-15.24876, 0, 0],
						"0.24": [-15.71647, 0, 0],
						"0.48": [-55.39618, 0, 0],
						"0.72": [-9.82089, 0, 0],
						"0.96": [-35.16659, 0, 0]
					},
					"scale": {
						"0.36": [1, 1, 1],
						"0.48": [1, 6.2, 1],
						"0.84": [1, 6.2, 1],
						"0.96": [1, 1, 1]
					}
				},
				"left_arm5": {
					"rotation": {
						"0.0": [97.9857, 0, 0],
						"0.24": [97.37908, 0, 0],
						"0.48": [221.992, 0, 0],
						"0.72": [99.28653, 0, 0],
						"0.96": [152.1233, 0, 0]
					}
				},
				"left_arm6": {
					"rotation": {
						"0.0": [-91.0671, 0, 0],
						"0.24": [-93.3949, 0, 0],
						"0.48": [-190.71049, 0, 0],
						"0.72": [-90.35684, 0, 0],
						"0.96": [-117.00243, 0, 0]
					}
				},
				"left_arm7": {
					"rotation": [10, 0, 0]
				},
				"left_arm11": {
					"rotation": [-12.5, 0, 0]
				},
				"left_arm13": {
					"rotation": [-15, 0, 0]
				},
				"left_arm14": {
					"rotation": {
						"0.0": [-3.05388, 0, 0],
						"0.24": [-10.56905, 0, 0],
						"0.48": [5.32528, 0, 0],
						"0.72": [5.22503, 0, 0],
						"0.96": [-0.05119, 0, 0]
					}
				},
				"left_arm15": {
					"rotation": {
						"0.0": [-8.41685, 0, 0],
						"0.24": [-12.07712, 0, 0],
						"0.48": [5.7571, 0, 0],
						"0.72": [4.41382, 0, 0],
						"0.96": [-0.05162, 0, 0]
					}
				},
				"left_arm16": {
					"rotation": {
						"0.0": [-19.79504, 0, 0],
						"0.24": [-12.8691, 0, 0],
						"0.48": [6.33518, 0, 0],
						"0.72": [3.43568, 0, 0],
						"0.96": [-0.0505, 0, 0]
					}
				},
				"left_arm17": {
					"rotation": {
						"0.0": [-33.35988, 0, 0],
						"0.24": [-12.73721, 0, 0],
						"0.48": [6.10249, 0, 0],
						"0.72": [2.40609, 0, 0],
						"0.96": [-0.04791, 0, 0]
					}
				},
				"left_arm19": {
					"rotation": {
						"0.0": [-0.0298, 0, 0],
						"0.24": [-3.58601, 0, 0],
						"0.48": [3.07872, 0, 0],
						"0.72": [5.07414, 0, 0],
						"0.96": [-0.03426, 0, 0]
					}
				},
				"left_arm20": {
					"rotation": {
						"0.0": [-0.09764, 0, 0],
						"0.24": [-5.04291, 0, 0],
						"0.48": [3.71831, 0, 0],
						"0.72": [5.69953, 0, 0],
						"0.96": [-0.04061, 0, 0]
					}
				},
				"left_arm21": {
					"rotation": {
						"0.0": [-0.32079, 0, 0],
						"0.24": [-6.77659, 0, 0],
						"0.48": [4.29878, 0, 0],
						"0.72": [5.93093, 0, 0],
						"0.96": [-0.04564, 0, 0]
					}
				},
				"left_arm22": {
					"rotation": {
						"0.0": [-1.01861, 0, 0],
						"0.24": [-8.69179, 0, 0],
						"0.48": [4.82719, 0, 0],
						"0.72": [5.759, 0, 0],
						"0.96": [-0.04919, 0, 0]
					}
				},
				"left_arm24": {
					"rotation": {
						"0.0": [-29.78644, 0, 0],
						"0.24": [-50.99051, 0, 0],
						"0.48": [66.62967, 0, 0],
						"0.72": [77.56156, 0, 0],
						"0.96": [-13.90849, 0, 0]
					},
					"position": [0, -18, 0],
					"scale": {
						"0.24": [1, 1, 1],
						"0.48": [3.7, 3.7, 3.7],
						"0.72": [3.7, 3.7, 3.7],
						"0.96": [1, 1, 1]
					}
				},
				"left_arm25": {
					"rotation": {
						"0.0": [-0.00131, 0, 0],
						"0.24": [-0.6934, 0, 0],
						"0.48": [0.82151, 0, 0],
						"0.72": [1.4825, 0, 0],
						"0.96": [-0.00934, 0, 0]
					}
				},
				"left_arm26": {
					"rotation": {
						"0.0": [-0.00359, 0, 0],
						"0.24": [-1.47013, 0, 0],
						"0.48": [1.62044, 0, 0],
						"0.72": [2.88096, 0, 0],
						"0.96": [-0.01836, 0, 0]
					}
				},
				"left_arm27": {
					"rotation": {
						"0.0": [-0.00973, 0, 0],
						"0.24": [-2.41067, 0, 0],
						"0.48": [2.37741, 0, 0],
						"0.72": [4.10793, 0, 0],
						"0.96": [-0.02676, 0, 0]
					}
				}
			}
		},
		"animation.cartoon_hand.on": {
			"loop": true,
			"bones": {
				"left_arm24": {
					"rotation": [20, 2.5, 27.5],
					"position": [0, 30, -3]
				}
			}
		},
		"animation.cartoon_hand.attack2": {
			"animation_length": 0.96,
			"bones": {
				"left_arm": {
					"rotation": {
						"0.0": [28.70804, 0, 0],
						"0.24": [9.27824, 0, 0],
						"0.36": [-1.65265, 0, 0],
						"0.48": [-2.73125, 0, 0],
						"0.72": [-0.25129, 0, 0],
						"0.96": [-0.04395, 0, 0]
					}
				},
				"left_arm2": {
					"rotation": {
						"0.0": [13.34423, 0, 0],
						"0.24": [12.78731, 0, 0],
						"0.36": [-2.34539, 0, 0],
						"0.48": [-2.83074, 0, 0],
						"0.72": [-0.21357, 0, 0],
						"0.96": [-0.03879, 0, 0]
					}
				},
				"left_arm3": {
					"rotation": {
						"0.0": [364.8325, 0, 0],
						"0.24": [41.79735, 0, 0],
						"0.36": [-2.42699, 0, 0],
						"0.48": [-2.31402, 0, 0],
						"0.72": [-0.16739, 0, 0],
						"0.96": [-0.03259, 0, 0]
					}
				},
				"left_arm4": {
					"rotation": {
						"0.0": [-368.00631, 0, 0],
						"0.24": [61.30227, 0, 0],
						"0.36": [-11.49662, 0, 0],
						"0.48": [-8.61226, 0, 0],
						"0.72": [-9.57757, 0, 0],
						"0.96": [-35.16659, 0, 0]
					}
				},
				"left_arm5": {
					"rotation": {
						"0.0": [99.7447, 0, 0],
						"0.24": [141.80175, 0, 0],
						"0.36": [98.98564, 0, 0],
						"0.48": [121.63786, 0, 0],
						"0.72": [99.44486, 0, 0],
						"0.96": [152.1233, 0, 0]
					}
				},
				"left_arm6": {
					"rotation": {
						"0.0": [-91.0671, 0, -85],
						"0.24": [-93.3949, 0, -77.5],
						"0.48": [-85.71049, 0, -110],
						"0.72": [-90.35684, 0, 0],
						"0.96": [-117.00243, 0, 0]
					}
				},
				"left_arm7": {
					"rotation": {
						"0.0": [10, 0, 0],
						"0.48": [10, 0, 60]
					}
				},
				"left_arm11": {
					"rotation": {
						"0.0": [-12.5, 0, 0],
						"0.48": [-12.5, 0, 57.5]
					}
				},
				"left_arm13": {
					"rotation": {
						"0.0": [-15, 0, 20],
						"0.52": [50, 0, 85]
					}
				},
				"left_arm14": {
					"rotation": {
						"0.0": [6.38292, 0, 0],
						"0.24": [1.57416, 0, 0],
						"0.36": [8.24901, 0, 0],
						"0.48": [-1.43821, 0, 0],
						"0.72": [-0.29496, 0, 0],
						"0.96": [-0.05119, 0, 0]
					}
				},
				"left_arm15": {
					"rotation": {
						"0.0": [18.72349, 0, 0],
						"0.24": [3.24493, 0, 0],
						"0.36": [4.95017, 0, 0],
						"0.48": [-1.78922, 0, 0],
						"0.72": [-0.30129, 0, 0],
						"0.96": [-0.05162, 0, 0]
					}
				},
				"left_arm16": {
					"rotation": {
						"0.0": [37.84606, 0, 0],
						"0.24": [5.262, 0, 0],
						"0.36": [2.02152, 0, 0],
						"0.48": [-2.14168, 0, 0],
						"0.72": [-0.29596, 0, 0],
						"0.96": [-0.0505, 0, 0]
					}
				},
				"left_arm17": {
					"rotation": {
						"0.0": [42.31091, 0, 0],
						"0.24": [7.37781, 0, 0],
						"0.36": [-0.21302, 0, 0],
						"0.48": [-2.4674, 0, 0],
						"0.72": [-0.2791, 0, 0],
						"0.96": [-0.04791, 0, 0]
					}
				},
				"left_arm19": {
					"rotation": {
						"0.0": [0.12039, 0, 0],
						"0.24": [-0.98412, 0, 0],
						"0.36": [11.90441, 0, 0],
						"0.48": [-0.39834, 0, 0],
						"0.72": [-0.16591, 0, 0],
						"0.96": [-0.03426, 0, 0]
					}
				},
				"left_arm20": {
					"rotation": {
						"0.0": [0.23776, 0, 0],
						"0.24": [-0.85949, 0, 0],
						"0.36": [13.57951, 0, 0],
						"0.48": [-0.59073, 0, 0],
						"0.72": [-0.21148, 0, 0],
						"0.96": [-0.04061, 0, 0]
					}
				},
				"left_arm21": {
					"rotation": {
						"0.0": [0.62263, 0, 0],
						"0.24": [-0.44292, 0, 0],
						"0.36": [13.31709, 0, 0],
						"0.48": [-0.82817, 0, 0],
						"0.72": [-0.2491, 0, 0],
						"0.96": [-0.04564, 0, 0]
					}
				},
				"left_arm22": {
					"rotation": {
						"0.0": [1.96052, 0, 0],
						"0.24": [0.34743, 0, 0],
						"0.36": [11.30922, 0, 0],
						"0.48": [-1.11267, 0, 0],
						"0.72": [-0.27731, 0, 0],
						"0.96": [-0.04919, 0, 0]
					}
				},
				"left_arm24": {
					"rotation": {
						"0.0": [-82.15386, 0, 0],
						"0.24": [-78.18139, 0, 0],
						"0.36": [-74.1381, 0, 0],
						"0.48": [61.23719, 0, 0],
						"0.72": [47.56156, 0, 0],
						"0.96": [-13.90849, 0, 0]
					},
					"position": [0, -18, 0],
					"scale": {
						"0.36": [1, 1, 1],
						"0.48": [5, 10, 5],
						"0.6": [5, 10, 5],
						"0.72": [1, 1, 1]
					}
				},
				"left_arm25": {
					"rotation": {
						"0.0": [0.02197, 0, 0],
						"0.24": [-0.35419, 0, 0],
						"0.36": [100.89959, 0, 0],
						"0.48": [34.3703, 0, 0],
						"0.72": [44.30542, 0, 0],
						"0.96": [-0.00934, 0, 0]
					}
				},
				"left_arm26": {
					"rotation": {
						"0.0": [0.04534, 0, 0],
						"0.24": [-0.66852, 0, 0],
						"0.36": [4.52137, 0, 0],
						"0.48": [-0.1149, 0, 0],
						"0.72": [-0.05815, 0, 0],
						"0.96": [-0.01836, 0, 0]
					}
				},
				"left_arm27": {
					"rotation": {
						"0.0": [0.07371, 0, 0],
						"0.24": [-0.8973, 0, 0],
						"0.36": [8.67083, 0, 0],
						"0.48": [-0.2434, 0, 0],
						"0.72": [-0.11415, 0, 0],
						"0.96": [-0.02676, 0, 0]
					}
				},
				"left_arm8": {
					"rotation": {
						"0.0": [0, 0, 15],
						"0.48": [0, 0, 85]
					}
				},
				"left_arm9": {
					"rotation": {
						"0.0": [0, 0, 10],
						"0.48": [0, 0, 62.5]
					}
				},
				"left_arm10": {
					"rotation": {
						"0.0": [0, 0, 25],
						"0.48": [0, 0, 82.5]
					}
				},
				"left_arm12": {
					"rotation": {
						"0.0": [0, 0, 37.5],
						"0.48": [0, 0, 92.5]
					}
				}
			}
		},
		"animation.cartoon_hand.attack4": {
			"animation_length": 0.96,
			"bones": {
				"left_arm": {
					"rotation": {
						"0.0": [28.70804, 0, 0],
						"0.24": [9.27824, 0, 0],
						"0.36": [-1.65265, 0, 0],
						"0.48": [-2.73125, 0, 0],
						"0.72": [-0.25129, 0, 0],
						"0.96": [-0.04395, 0, 0]
					}
				},
				"left_arm2": {
					"rotation": {
						"0.0": [13.34423, 0, 0],
						"0.24": [12.78731, 0, 0],
						"0.36": [-2.34539, 0, 0],
						"0.48": [-2.83074, 0, 0],
						"0.72": [-0.21357, 0, 0],
						"0.96": [-0.03879, 0, 0]
					}
				},
				"left_arm3": {
					"rotation": {
						"0.0": [364.8325, 0, 0],
						"0.24": [4.29735, 0, 0],
						"0.36": [-2.42699, 0, 0],
						"0.48": [-2.31402, 0, 0],
						"0.72": [-0.16739, 0, 0],
						"0.96": [-0.03259, 0, 0]
					}
				},
				"left_arm4": {
					"rotation": {
						"0.0": [-368.00631, 0, 0],
						"0.24": [-8.69773, 0, 0],
						"0.36": [-11.49662, 0, 0],
						"0.48": [-8.61226, 0, 0],
						"0.72": [-9.57757, 0, 0],
						"0.96": [-35.16659, 0, 0]
					}
				},
				"left_arm5": {
					"rotation": {
						"0.0": [99.7447, 0, 0],
						"0.24": [86.80175, 0, 0],
						"0.36": [98.98564, 0, 0],
						"0.48": [121.63786, 0, 0],
						"0.72": [99.44486, 0, 0],
						"0.96": [152.1233, 0, 0]
					}
				},
				"left_arm6": {
					"rotation": {
						"0.0": [-91.0671, 0, -85],
						"0.24": [-93.3949, 0, -77.5],
						"0.48": [-85.71049, 0, -110],
						"0.72": [-90.35684, 0, 0],
						"0.96": [-117.00243, 0, 0]
					}
				},
				"left_arm7": {
					"rotation": {
						"0.0": [10, 0, 0],
						"0.48": [10, 0, 60]
					}
				},
				"left_arm11": {
					"rotation": {
						"0.0": [-12.5, 0, 0],
						"0.48": [-12.5, 0, 57.5]
					}
				},
				"left_arm13": {
					"rotation": {
						"0.0": [-15, 0, 20],
						"0.52": [50, 0, 85]
					}
				},
				"left_arm14": {
					"rotation": {
						"0.0": [6.38292, 0, 0],
						"0.24": [1.57416, 0, 0],
						"0.36": [8.24901, 0, 0],
						"0.48": [-1.43821, 0, 0],
						"0.72": [-0.29496, 0, 0],
						"0.96": [-0.05119, 0, 0]
					}
				},
				"left_arm15": {
					"rotation": {
						"0.0": [18.72349, 0, 0],
						"0.24": [3.24493, 0, 0],
						"0.36": [4.95017, 0, 0],
						"0.48": [-1.78922, 0, 0],
						"0.72": [-0.30129, 0, 0],
						"0.96": [-0.05162, 0, 0]
					}
				},
				"left_arm16": {
					"rotation": {
						"0.0": [37.84606, 0, 0],
						"0.24": [5.262, 0, 0],
						"0.36": [2.02152, 0, 0],
						"0.48": [-2.14168, 0, 0],
						"0.72": [-0.29596, 0, 0],
						"0.96": [-0.0505, 0, 0]
					}
				},
				"left_arm17": {
					"rotation": {
						"0.0": [42.31091, 0, 0],
						"0.24": [7.37781, 0, 0],
						"0.36": [-0.21302, 0, 0],
						"0.48": [-2.4674, 0, 0],
						"0.72": [-0.2791, 0, 0],
						"0.96": [-0.04791, 0, 0]
					}
				},
				"left_arm19": {
					"rotation": {
						"0.0": [0.12039, 0, 0],
						"0.24": [-0.98412, 0, 0],
						"0.36": [11.90441, 0, 0],
						"0.48": [-0.39834, 0, 0],
						"0.72": [-0.16591, 0, 0],
						"0.96": [-0.03426, 0, 0]
					}
				},
				"left_arm20": {
					"rotation": {
						"0.0": [0.23776, 0, 0],
						"0.24": [-0.85949, 0, 0],
						"0.36": [13.57951, 0, 0],
						"0.48": [-0.59073, 0, 0],
						"0.72": [-0.21148, 0, 0],
						"0.96": [-0.04061, 0, 0]
					}
				},
				"left_arm21": {
					"rotation": {
						"0.0": [0.62263, 0, 0],
						"0.24": [-0.44292, 0, 0],
						"0.36": [13.31709, 0, 0],
						"0.48": [-0.82817, 0, 0],
						"0.72": [-0.2491, 0, 0],
						"0.96": [-0.04564, 0, 0]
					}
				},
				"left_arm22": {
					"rotation": {
						"0.0": [1.96052, 0, 0],
						"0.24": [0.34743, 0, 0],
						"0.36": [11.30922, 0, 0],
						"0.48": [-1.11267, 0, 0],
						"0.72": [-0.27731, 0, 0],
						"0.96": [-0.04919, 0, 0]
					}
				},
				"left_arm24": {
					"rotation": {
						"0.0": [-82.15386, 0, -75],
						"0.24": [-78.18139, 0, -80],
						"0.36": [-74.1381, 0, -75],
						"0.48": [61.23719, 0, -75],
						"0.72": [47.56156, 0, -72.5],
						"0.96": [-13.90849, 0, 0]
					},
					"position": [0, -18, 0],
					"scale": {
						"0.36": [1, 1, 1],
						"0.48": [5, 10, 5],
						"0.6": [5, 10, 5],
						"0.72": [1, 1, 1]
					}
				},
				"left_arm25": {
					"rotation": {
						"0.0": [0.02197, 0, 0],
						"0.24": [-0.35419, 0, 0],
						"0.36": [100.89959, 0, 0],
						"0.48": [34.3703, 0, 0],
						"0.72": [44.30542, 0, 0],
						"0.96": [-0.00934, 0, 0]
					}
				},
				"left_arm26": {
					"rotation": {
						"0.0": [0.04534, 0, 0],
						"0.24": [-0.66852, 0, 0],
						"0.36": [4.52137, 0, 0],
						"0.48": [-0.1149, 0, 0],
						"0.72": [-0.05815, 0, 0],
						"0.96": [-0.01836, 0, 0]
					}
				},
				"left_arm27": {
					"rotation": {
						"0.0": [0.07371, 0, 0],
						"0.24": [-0.8973, 0, 0],
						"0.36": [8.67083, 0, 0],
						"0.48": [-0.2434, 0, 0],
						"0.72": [-0.11415, 0, 0],
						"0.96": [-0.02676, 0, 0]
					}
				},
				"left_arm8": {
					"rotation": {
						"0.0": [0, 0, 15],
						"0.48": [0, 0, 85]
					}
				},
				"left_arm9": {
					"rotation": {
						"0.0": [0, 0, 10],
						"0.48": [0, 0, 62.5]
					}
				},
				"left_arm10": {
					"rotation": {
						"0.0": [0, 0, 25],
						"0.48": [0, 0, 82.5]
					}
				},
				"left_arm12": {
					"rotation": {
						"0.0": [0, 0, 37.5],
						"0.48": [0, 0, 92.5]
					}
				}
			}
		},
		"animation.cartoon_hand.attack3": {
			"animation_length": 0.96,
			"bones": {
				"left_arm": {
					"rotation": {
						"0.0": [28.70804, 0, 0],
						"0.24": [9.27824, 0, 0],
						"0.36": [-1.65265, 0, 0],
						"0.48": [-2.73125, 0, 0],
						"0.72": [-0.25129, 0, 0],
						"0.96": [-0.04395, 0, 0]
					}
				},
				"left_arm2": {
					"rotation": {
						"0.0": [13.34423, 0, 0],
						"0.24": [12.78731, 0, 0],
						"0.36": [-2.34539, 0, 0],
						"0.48": [-2.83074, 0, 0],
						"0.72": [-0.21357, 0, 0],
						"0.96": [-0.03879, 0, 0]
					}
				},
				"left_arm3": {
					"rotation": {
						"0.0": [364.8325, 0, 0],
						"0.24": [41.79735, 0, 0],
						"0.36": [-2.42699, 0, 0],
						"0.48": [-2.31402, 0, 0],
						"0.72": [-0.16739, 0, 0],
						"0.96": [-0.03259, 0, 0]
					}
				},
				"left_arm4": {
					"rotation": {
						"0.0": [-368.00631, 0, 0],
						"0.24": [61.30227, 0, 0],
						"0.36": [-11.49662, 0, 0],
						"0.48": [-8.61226, 0, 0],
						"0.72": [-9.57757, 0, 0],
						"0.96": [-35.16659, 0, 0]
					}
				},
				"left_arm5": {
					"rotation": {
						"0.0": [99.7447, 0, 0],
						"0.24": [141.80175, 0, 0],
						"0.36": [98.98564, 0, 0],
						"0.48": [121.63786, 0, 0],
						"0.72": [99.44486, 0, 0],
						"0.96": [152.1233, 0, 0]
					}
				},
				"left_arm6": {
					"rotation": {
						"0.0": [-91.0671, 0, -85],
						"0.24": [-93.3949, 0, -77.5],
						"0.48": [-85.71049, 0, -110],
						"0.72": [-90.35684, 0, 0],
						"0.96": [-117.00243, 0, 0]
					}
				},
				"left_arm7": {
					"rotation": {
						"0.0": [10, 0, 0],
						"0.48": [10, 0, 60]
					}
				},
				"left_arm11": {
					"rotation": {
						"0.0": [-12.5, 0, 0],
						"0.48": [-12.5, 0, 57.5]
					}
				},
				"left_arm13": {
					"rotation": {
						"0.0": [-15, 0, 20],
						"0.52": [50, 0, 85]
					}
				},
				"left_arm14": {
					"rotation": {
						"0.0": [6.38292, 0, 0],
						"0.24": [1.57416, 0, 0],
						"0.36": [8.24901, 0, 0],
						"0.48": [-1.43821, 0, 0],
						"0.72": [-0.29496, 0, 0],
						"0.96": [-0.05119, 0, 0]
					}
				},
				"left_arm15": {
					"rotation": {
						"0.0": [18.72349, 0, 0],
						"0.24": [3.24493, 0, 0],
						"0.36": [4.95017, 0, 0],
						"0.48": [-1.78922, 0, 0],
						"0.72": [-0.30129, 0, 0],
						"0.96": [-0.05162, 0, 0]
					}
				},
				"left_arm16": {
					"rotation": {
						"0.0": [37.84606, 0, 0],
						"0.24": [5.262, 0, 0],
						"0.36": [2.02152, 0, 0],
						"0.48": [-2.14168, 0, 0],
						"0.72": [-0.29596, 0, 0],
						"0.96": [-0.0505, 0, 0]
					}
				},
				"left_arm17": {
					"rotation": {
						"0.0": [42.31091, 0, 0],
						"0.24": [7.37781, 0, 0],
						"0.36": [-0.21302, 0, 0],
						"0.48": [-2.4674, 0, 0],
						"0.72": [-0.2791, 0, 0],
						"0.96": [-0.04791, 0, 0]
					}
				},
				"left_arm19": {
					"rotation": {
						"0.0": [0.12039, 0, 0],
						"0.24": [-0.98412, 0, 0],
						"0.36": [11.90441, 0, 0],
						"0.48": [-0.39834, 0, 0],
						"0.72": [-0.16591, 0, 0],
						"0.96": [-0.03426, 0, 0]
					}
				},
				"left_arm20": {
					"rotation": {
						"0.0": [0.23776, 0, 0],
						"0.24": [-0.85949, 0, 0],
						"0.36": [13.57951, 0, 0],
						"0.48": [-0.59073, 0, 0],
						"0.72": [-0.21148, 0, 0],
						"0.96": [-0.04061, 0, 0]
					}
				},
				"left_arm21": {
					"rotation": {
						"0.0": [0.62263, 0, 0],
						"0.24": [-0.44292, 0, 0],
						"0.36": [13.31709, 0, 0],
						"0.48": [-0.82817, 0, 0],
						"0.72": [-0.2491, 0, 0],
						"0.96": [-0.04564, 0, 0]
					}
				},
				"left_arm22": {
					"rotation": {
						"0.0": [1.96052, 0, 0],
						"0.24": [0.34743, 0, 0],
						"0.36": [11.30922, 0, 0],
						"0.48": [-1.11267, 0, 0],
						"0.72": [-0.27731, 0, 0],
						"0.96": [-0.04919, 0, 0]
					}
				},
				"left_arm24": {
					"rotation": {
						"0.0": [-82.15386, 0, 75],
						"0.24": [-78.18139, 0, 75],
						"0.36": [-74.1381, 0, 67.5],
						"0.48": [61.23719, 0, 75],
						"0.72": [47.56156, 0, 72.5],
						"0.96": [-13.90849, 0, 0]
					},
					"position": [0, -18, 0],
					"scale": {
						"0.36": [1, 1, 1],
						"0.48": [5, 10, 5],
						"0.6": [5, 10, 5],
						"0.72": [1, 1, 1]
					}
				},
				"left_arm25": {
					"rotation": {
						"0.0": [0.02197, 0, 0],
						"0.24": [-0.35419, 0, 0],
						"0.36": [100.89959, 0, 0],
						"0.48": [34.3703, 0, 0],
						"0.72": [44.30542, 0, 0],
						"0.96": [-0.00934, 0, 0]
					}
				},
				"left_arm26": {
					"rotation": {
						"0.0": [0.04534, 0, 0],
						"0.24": [-0.66852, 0, 0],
						"0.36": [4.52137, 0, 0],
						"0.48": [-0.1149, 0, 0],
						"0.72": [-0.05815, 0, 0],
						"0.96": [-0.01836, 0, 0]
					}
				},
				"left_arm27": {
					"rotation": {
						"0.0": [0.07371, 0, 0],
						"0.24": [-0.8973, 0, 0],
						"0.36": [8.67083, 0, 0],
						"0.48": [-0.2434, 0, 0],
						"0.72": [-0.11415, 0, 0],
						"0.96": [-0.02676, 0, 0]
					}
				},
				"left_arm8": {
					"rotation": {
						"0.0": [0, 0, 15],
						"0.48": [0, 0, 85]
					}
				},
				"left_arm9": {
					"rotation": {
						"0.0": [0, 0, 10],
						"0.48": [0, 0, 62.5]
					}
				},
				"left_arm10": {
					"rotation": {
						"0.0": [0, 0, 25],
						"0.48": [0, 0, 82.5]
					}
				},
				"left_arm12": {
					"rotation": {
						"0.0": [0, 0, 37.5],
						"0.48": [0, 0, 92.5]
					}
				}
			}
		},
		"animation.cartoon_hand.on2": {
			"loop": true,
			"bones": {
				"left_arm24": {
					"rotation": [20, 2.5, -27.5],
					"position": [0, 30, -3]
				}
			}
		},
		"animation.cartoon_hand.on3": {
			"loop": true,
			"bones": {
				"left_arm24": {
					"rotation": [20, 2.5, 55],
					"position": [0, 30, -3]
				}
			}
		},
		"animation.cartoon_hand.grab": {
			"loop": true,
			"bones": {
				"left_arm": {
					"rotation": ["1.427+Math.cos(query.anim_time * 180 + 180) *-5.0", 0, 0]
				},
				"left_arm2": {
					"rotation": ["1.1569+Math.cos(query.anim_time * 180 + 180) *-5.0", 0, 0]
				},
				"left_arm3": {
					"rotation": ["360.8558+Math.cos(query.anim_time * 180 + 180) *5.0", 0, 0]
				},
				"left_arm4": {
					"rotation": ["-368.9274+Math.cos(query.anim_time * 180 + 180) *5.0", 0, 0]
				},
				"left_arm5": {
					"rotation": [99.54129, 0, 0]
				},
				"left_arm6": {
					"rotation": ["-91.0671+Math.cos(query.anim_time * 180 + 180) *5.0", 0, 7.5]
				},
				"left_arm7": {
					"rotation": [10, 0, 0]
				},
				"left_arm11": {
					"rotation": [-12.5, 0, 0]
				},
				"left_arm13": {
					"rotation": [-15, 0, 20]
				},
				"left_arm14": {
					"rotation": ["2.0065+Math.cos(query.anim_time * 180 + 180) *5.0", 0, 0]
				},
				"left_arm15": {
					"rotation": ["1.9548+Math.cos(query.anim_time * 180 + 180) *5.0", 0, 0]
				},
				"left_arm16": {
					"rotation": ["1.8354+Math.cos(query.anim_time * 180 + 180) *5.0", 0, 0]
				},
				"left_arm17": {
					"rotation": ["1.6564+Math.cos(query.anim_time * 180 + 180) *-5.0", 0, 0]
				},
				"left_arm19": {
					"rotation": ["1.4675+Math.cos(query.anim_time * 180 + 180) *5.0", 0, 0]
				},
				"left_arm20": {
					"rotation": ["1.7124+Math.cos(query.anim_time * 180 + 180) *-5.0", 0, 0]
				},
				"left_arm21": {
					"rotation": ["1.8863+Math.cos(query.anim_time * 180 + 180) *-5.0", 0, 0]
				},
				"left_arm22": {
					"rotation": ["1.9846+Math.cos(query.anim_time * 180 + 180) *-5.0", 0, 0]
				},
				"left_arm24": {
					"rotation": [59.79184, 0, 0],
					"position": [0, -18, 0]
				},
				"left_arm25": {
					"rotation": ["0.4105+query.target_x_rotation - this", "0+query.target_y_rotation - this", 0],
					"scale": [1, 1.8, 1]
				},
				"left_arm26": {
					"rotation": ["0.8029+Math.cos(query.anim_time * 180 + 180) *5.0", 0, 0]
				},
				"left_arm27": {
					"rotation": ["1.1602+Math.cos(query.anim_time * 180 + 180) *5.0", 0, 0]
				},
				"left_arm8": {
					"rotation": [0, 0, 15]
				},
				"left_arm9": {
					"rotation": [0, 0, 10]
				},
				"left_arm10": {
					"rotation": [0, 0, 25]
				},
				"left_arm12": {
					"rotation": [0, 0, 37.5]
				}
			}
		}
	}
}