{
	"format_version": "1.8.0",
	"animations": {
		"animation.cartoon_hand3.moving": {
			"loop": true,
			"animation_length": 0.96,
			"anim_time_update": "query.modified_distance_moved * 0.15",
			"bones": {
				"left_arm2": {
					"rotation": {
						"0.0": [-155, 0, 0],
						"0.96": [-155, 0, 0]
					},
					"position": {
						"0.0": [0, -19, 8],
						"0.96": [0, -19, 8]
					}
				},
				"left_arm3": {
					"rotation": {
						"0.0": [12.5, 0, 0],
						"0.48": [16.5892, 0, 0],
						"0.96": [12.5, 0, 0]
					}
				},
				"left_arm4": {
					"rotation": {
						"0.0": [27.5, 0, 0],
						"0.24": [27.44474, 0, 0],
						"0.48": [19.34775, 0, 0],
						"0.72": [20.92, 0, 0],
						"0.96": [27.5, 0, 0]
					}
				},
				"left_arm6": {
					"rotation": {
						"0.0": [-95, -122.5, 90],
						"0.24": [-95, -116.25, 90],
						"0.48": [-92.5, -115, 90],
						"0.72": [-95, -123.75, 90],
						"0.96": [-95, -122.5, 90]
					}
				},
				"left_arm7": {
					"rotation": {
						"0.0": [22.5, 0, -7.5],
						"0.72": [22.5, 0, -57.5],
						"0.96": [22.5, 0, -7.5]
					}
				},
				"left_arm8": {
					"rotation": {
						"0.0": [0, 0, -105],
						"0.24": [0, 0, -30.41],
						"0.48": [0, 0, -50.83],
						"0.72": [0, 0, -80],
						"0.96": [0, 0, -105]
					}
				},
				"left_arm9": {
					"rotation": {
						"0.0": [7.5, 0, -12.5],
						"0.24": [7.5, 0, -5],
						"0.48": [7.5, 0, 22.5],
						"0.72": [7.5, 0, -20],
						"0.96": [7.5, 0, -12.5]
					}
				},
				"left_arm10": {
					"rotation": {
						"0.0": [0, 0, -32.5],
						"0.24": [0, 0, -83.75],
						"0.48": [0, 0, -25],
						"0.72": [0, 0, -16.25],
						"0.96": [0, 0, -32.5]
					}
				},
				"left_arm11": {
					"rotation": {
						"0.0": [-5, 0, 20],
						"0.24": [0, 0, -1.25],
						"0.48": [-5, 0, -50],
						"0.72": [-5, 0, -26.25],
						"0.96": [-5, 0, 20]
					}
				},
				"left_arm12": {
					"rotation": {
						"0.0": [0, 0, -32.5],
						"0.24": [0, 0, -25],
						"0.48": [0, 0, -45],
						"0.72": [0, 0, -87.5],
						"0.96": [0, 0, -32.5]
					}
				},
				"left_arm13": {
					"rotation": {
						"0.0": [-32.5, 0, -67.5],
						"0.24": [-32.5, 0, -40.83],
						"0.48": [-32.5, 0, 15.83],
						"0.72": [-32.5, 0, 2.5],
						"0.96": [-32.5, 0, -67.5]
					}
				},
				"left_arm5": {
					"rotation": {
						"0.24": [0, 0, 0],
						"0.48": [0, 0, 0]
					}
				}
			}
		},
		"animation.cartoon_hand3.general": {
			"loop": true,
			"animation_length": 2.08,
			"bones": {
				"left_arm2": {
					"rotation": {
						"0.0": [-155, 0, 0],
						"1.04": [-155, 0, 0],
						"2.08": [-155, 0, 0]
					},
					"position": {
						"0.0": [0, -19, 8],
						"1.04": [0, -19, 7.6],
						"2.08": [0, -19, 8]
					}
				},
				"left_arm3": {
					"rotation": {
						"0.0": [12.5, 0, 0],
						"2.08": [12.5, 0, 0]
					}
				},
				"left_arm4": {
					"rotation": {
						"0.0": [27.5, 0, 0],
						"0.52": [25, 0, 0],
						"1.04": [35.83, 0, 0],
						"2.08": [27.5, 0, 0]
					}
				},
				"left_arm6": {
					"rotation": {
						"0.0": [-95, -122.5, 90],
						"0.52": [-95, -125, 90],
						"1.04": [-95, -107.5, 90],
						"2.08": [-95, -122.5, 90]
					}
				},
				"left_arm7": {
					"rotation": {
						"0.0": [22.5, 0, -20],
						"1.04": [22.5, 0, -27.5],
						"2.08": [22.5, 0, -20]
					}
				},
				"left_arm8": {
					"rotation": {
						"0.0": [0, 0, -27.5],
						"0.52": [0, 0, -65],
						"1.04": [0, 0, -62.5],
						"2.08": [0, 0, -27.5]
					}
				},
				"left_arm9": {
					"rotation": {
						"0.0": [0, 0, -12.5],
						"0.52": [0, 0, -18.75],
						"1.04": [0, 0, -20],
						"2.08": [0, 0, -12.5]
					}
				},
				"left_arm10": {
					"rotation": {
						"0.0": [0, 0, -32.5],
						"0.52": [0, 0, -63.75],
						"1.04": [0, 0, -60],
						"2.08": [0, 0, -32.5]
					}
				},
				"left_arm11": {
					"rotation": {
						"0.0": [-17.5, 0, -12.5],
						"0.52": [-17.5, 0, -17.5],
						"1.04": [-17.5, 0, -17.5],
						"2.08": [-17.5, 0, -12.5]
					}
				},
				"left_arm12": {
					"rotation": {
						"0.0": [0, 0, -32.5],
						"0.52": [0, 0, -71.25],
						"1.04": [0, 0, -65],
						"2.08": [0, 0, -32.5]
					}
				},
				"left_arm13": {
					"rotation": {
						"0.0": [-32.5, 0, -67.5],
						"0.52": [6.25, 0, -77.5],
						"1.04": [-5, 0, -87.5],
						"2.08": [-32.5, 0, -67.5]
					}
				}
			}
		},
		"animation.cartoon_hand3.attack": {
			"animation_length": 0.96,
			"bones": {
				"left_arm2": {
					"rotation": {
						"0.0": [-155, 0, 0],
						"0.24": [-205, 0, 0],
						"0.48": [-115, 0, 0],
						"0.72": [-112.5, 0, 0],
						"0.96": [-155, 0, 0]
					},
					"position": {
						"0.0": [0, -19, 8],
						"0.24": [0, -15, 3],
						"0.48": [0, -15, 4],
						"0.72": [0, -15, 6],
						"0.96": [0, -19, 8]
					}
				},
				"left_arm3": {
					"rotation": {
						"0.0": [12.5, 0, 0],
						"0.24": [-30, 0, 0],
						"0.48": [12.5, 0, 0],
						"0.72": [22.5, 0, 0],
						"0.96": [12.5, 0, 0]
					}
				},
				"left_arm4": {
					"rotation": {
						"0.0": [27.5, 0, 0],
						"0.24": [-30, 0, 0],
						"0.48": [32.5, 0, 0],
						"0.72": [7.5, 0, 0],
						"0.96": [27.5, 0, 0]
					}
				},
				"left_arm6": {
					"rotation": {
						"0.0": [-95, -122.5, 90],
						"0.24": [-95, -35, 90],
						"0.48": [-95, -77.5, 90],
						"0.72": [-95, -80, 90],
						"0.96": [-95, -122.5, 90]
					}
				},
				"left_arm7": {
					"rotation": {
						"0.0": [22.5, 0, -20],
						"0.48": [22.5, 0, 10],
						"0.96": [22.5, 0, -20]
					}
				},
				"left_arm8": {
					"rotation": {
						"0.0": [0, 0, -27.5],
						"0.48": [0, 0, -10],
						"0.96": [0, 0, -27.5]
					}
				},
				"left_arm9": {
					"rotation": {
						"0.0": [0, 0, -12.5],
						"0.48": [0, 0, 12.5],
						"0.96": [0, 0, -12.5]
					}
				},
				"left_arm10": {
					"rotation": {
						"0.0": [0, 0, -32.5],
						"0.48": [0, 0, -15],
						"0.96": [0, 0, -32.5]
					}
				},
				"left_arm11": {
					"rotation": {
						"0.0": [-17.5, 0, -12.5],
						"0.48": [-17.5, 0, 10],
						"0.96": [-17.5, 0, -12.5]
					}
				},
				"left_arm12": {
					"rotation": {
						"0.0": [0, 0, -32.5],
						"0.48": [0, 0, -12.5],
						"0.96": [0, 0, -32.5]
					}
				},
				"left_arm13": {
					"rotation": {
						"0.0": [-32.5, 0, -67.5],
						"0.48": [-70, 0, -67.5],
						"0.96": [-32.5, 0, -67.5]
					}
				}
			}
		}
	}
}