{
	"format_version": "1.8.0",
	"animations": {
		"animation.cartoon_head.general": {
			"loop": true,
			"animation_length": 1.04,
			"bones": {
				"neck": {
					"rotation": {
						"0.0": [0.41048, 0, 0],
						"0.12": [-1.53186, 0.06492, -2.06458],
						"0.28": [4.66621, 0.02751, 1.95918],
						"0.52": [10.16334, 0, 0],
						"0.8": [2.01425, -0.10866, 23.78307],
						"0.92": [0.54465, -0.0499, 11.86297],
						"1.04": [0.41048, 0, 0]
					}
				},
				"neck2": {
					"rotation": {
						"0.0": [-0.87545, 0, 0],
						"0.12": [-0.30176, -0.01011, -0.34472],
						"0.28": [-0.03925, -0.02093, -0.66219],
						"0.52": [0.55755, 0, 0],
						"0.8": [0.00053, 0.00009, -0.03155],
						"0.92": [-0.42129, 0, -0.01873],
						"1.04": [-0.87545, 0, 0]
					}
				},
				"neck3": {
					"rotation": {
						"0.0": [-1.73329, 0, 0],
						"0.12": [-0.57568, -0.0005, -0.69974],
						"0.28": [0.00364, -0.00024, -1.26702],
						"0.52": [1.12077, 0, 0],
						"0.8": [0.00088, 0.00079, -0.06531],
						"0.92": [-0.83174, 0, -0.03945],
						"1.04": [-1.73329, 0, 0]
					}
				},
				"neck4": {
					"rotation": {
						"0.0": [-2.55436, 0, 0],
						"0.12": [-0.80038, -0.0014, -1.08767],
						"0.28": [0.0054, -0.00047, -1.87734],
						"0.52": [1.6911, 0, 0],
						"0.8": [0.00142, 0.00166, -0.10509],
						"0.92": [-1.21883, 0, -0.06461],
						"1.04": [-2.55436, 0, 0]
					}
				},
				"neck5": {
					"rotation": {
						"0.0": [-3.31613, 0, 0],
						"0.12": [-0.94909, -0.00317, -1.52447],
						"0.28": [0.00704, -0.00068, -2.45634],
						"0.52": [2.26152, 0, 0],
						"0.8": [0.00214, 0.00272, -0.1579],
						"0.92": [-1.56631, -0.00001, -0.0973],
						"1.04": [-3.31613, 0, 0]
					}
				},
				"neck6": {
					"rotation": {
						"0.0": [-3.99145, 0, 0],
						"0.12": [-0.99801, -0.00634, -2.02942],
						"0.28": [0.00851, -0.00078, -2.98786],
						"0.52": [2.81268, 0, 0],
						"0.8": [0.00324, 0.00383, -0.23731],
						"0.92": [-1.85047, -0.00001, -0.14037],
						"1.04": [-3.99145, 0, 0]
					}
				},
				"neck7": {
					"rotation": {
						"0.0": [-4.54669, 0, 0],
						"0.12": [-0.9286, -0.01128, -2.61891],
						"0.28": [0.00977, -0.00071, -3.45134],
						"0.52": [3.30925, 0, 0],
						"0.8": [0.00507, 0.00488, -0.36891],
						"0.92": [-2.03297, 0.00001, -0.19245],
						"1.04": [-4.54669, 0, 0]
					}
				},
				"head": {
					"rotation": {
						"0.0": [0, 0, 0],
						"0.28": [5.38, 0, 22.5],
						"0.52": [10, 0, 0],
						"0.8": [4.62, 0, 12.5],
						"1.04": [0, 0, 0]
					}
				},
				"jaw": {
					"position": {
						"0.0": [0, 0, 0],
						"0.24": [0, 0.54, 0],
						"0.52": [0, -1, 0],
						"0.8": [0, -0.46, 0],
						"1.04": [0, 0, 0]
					}
				},
				"neck8": {
					"rotation": {
						"0.0": [-4.935, 0, 0],
						"0.12": [-0.73413, -0.01747, -3.29756],
						"0.28": [0.01075, -0.00042, -3.82158],
						"0.52": [3.69561, 0, 0],
						"0.8": [0.0083, 0.00571, -0.59985],
						"0.92": [-2.04652, 0.00029, -0.23531],
						"1.04": [-4.935, 0, 0]
					}
				},
				"neck9": {
					"rotation": {
						"0.0": [-5.06675, 0, 0],
						"0.12": [-0.42892, -0.02266, -4.04283],
						"0.28": [0.01139, -0.00005, -4.06859],
						"0.52": [3.88556, 0, 0],
						"0.8": [0.01416, 0.00635, -1.01491],
						"0.92": [-1.76851, 0.00188, -0.19928],
						"1.04": [-5.06675, 0, 0]
					}
				},
				"neck10": {
					"rotation": {
						"0.0": [-4.68674, 0, 0],
						"0.12": [-0.05777, -0.02417, -4.78412],
						"0.28": [0.0116, 0.00009, -4.15803],
						"0.52": [3.71643, 0, 0],
						"0.8": [0.02481, 0.00778, -1.76199],
						"0.92": [-0.98466, 0.00898, 0.12333],
						"1.04": [-4.68674, 0, 0]
					}
				},
				"neck11": {
					"rotation": {
						"0.0": [-2.8754, 0, 0],
						"0.12": [0.30156, -0.02677, -5.38296],
						"0.28": [0.01128, 0.00053, -4.05214],
						"0.52": [2.65229, 0, 0],
						"0.8": [0.04393, 0.01121, -3.08572],
						"0.92": [0.61093, 0.03937, 1.27284],
						"1.04": [-2.8754, 0, 0]
					}
				},
				"neck12": {
					"rotation": {
						"0.0": [3.91166, 0, 0],
						"0.12": [0.55494, -0.03388, -5.6274],
						"0.28": [0.01028, 0.0034, -3.71234],
						"0.52": [-2.50772, 0, 0],
						"0.8": [0.07664, 0.0073, -5.34273],
						"0.92": [3.15128, 0.01986, 4.44172],
						"1.04": [3.91166, 0, 0]
					}
				},
				"neck13": {
					"rotation": {
						"0.0": [21.01837, 0, 0],
						"0.12": [0.60542, 0.18974, -5.25491],
						"0.28": [0.00658, 0.10398, -3.10618],
						"0.52": [-13.42971, 0, 0],
						"0.8": [0.11659, -0.14709, -8.87879],
						"0.92": [5.37489, -0.4197, 11.22426],
						"1.04": [21.01837, 0, 0]
					}
				},
				"neck14": {
					"rotation": {
						"0.0": [33.10548, 0, 0],
						"0.12": [0.22655, 1.63004, -4.02755],
						"0.28": [0.01707, -0.24755, -2.22318],
						"0.52": [-31.38659, 0, 0],
						"0.8": [0.13978, -0.34088, -13.50944],
						"0.92": [4.21316, -2.42274, 17.25],
						"1.04": [33.10548, 0, 0]
					}
				}
			}
		},
		"animation.cartoon_head.attack": {
			"animation_length": 1.04,
			"bones": {
				"neck": {
					"rotation": {
						"0.0": [-22.78564, 0, 0],
						"0.24": [-33.22475, 0, 0],
						"0.52": [14.32466, 0, 0],
						"0.76": [13.99759, 0, 0],
						"1.04": [0, 0, 0]
					},
					"scale": {
						"0.0": [1, 1, 1],
						"0.24": [1, 1, 1],
						"0.52": [3.1, 2.8, 1.7],
						"0.76": [3.4, 3, 1.8],
						"1.04": [1, 1, 1]
					}
				},
				"neck2": {
					"rotation": {
						"0.0": [-0.15048, 0, 0],
						"0.24": [-0.32843, 0, 0],
						"0.52": [0.461, 0, 0],
						"0.76": [0.71174, 0, 0],
						"1.04": [0, 0, 0]
					}
				},
				"neck3": {
					"rotation": {
						"0.0": [-0.31082, 0, 0],
						"0.24": [-0.69436, 0, 0],
						"0.52": [0.82593, 0, 0],
						"0.76": [1.51406, 0, 0],
						"1.04": [0, 0, 0]
					}
				},
				"neck4": {
					"rotation": {
						"0.0": [-0.49108, 0, 0],
						"0.24": [-1.13413, 0, 0],
						"0.52": [1.13659, 0, 0],
						"0.76": [2.50053, 0, 0],
						"1.04": [0, 0, 0]
					}
				},
				"neck5": {
					"rotation": {
						"0.0": [-0.70113, 0, 0],
						"0.24": [-1.67989, 0, 0],
						"0.52": [1.51643, 0, 0],
						"0.76": [3.76409, 0, 0],
						"1.04": [0, 0, 0]
					}
				},
				"neck6": {
					"rotation": {
						"0.0": [-0.94813, 0, 0],
						"0.24": [-2.35287, 0, 0],
						"0.52": [2.12875, 0, 0],
						"0.76": [5.37895, 0, 0],
						"1.04": [0, 0, 0]
					}
				},
				"neck7": {
					"rotation": {
						"0.0": [-1.23761, 0, 0],
						"0.24": [-3.15149, 0, 0],
						"0.52": [3.1718, 0, 0],
						"0.76": [7.35692, 0, 0],
						"1.04": [0, 0, 0]
					}
				},
				"head": {
					"rotation": {
						"0.0": [-20, 0, 0],
						"0.52": [-45, 0, 0],
						"1.04": [0, 0, 0]
					}
				},
				"jaw": {
					"rotation": {
						"0.0": [20, 0, 0],
						"0.24": [45.77, 0, 0],
						"0.52": [0, 0, 0],
						"1.04": [0, 0, 0]
					},
					"position": {
						"0.0": [0, 0, 0.6],
						"0.24": [0, 0, 0.62],
						"0.52": [0, 0, 0],
						"1.04": [0, 0, 0]
					}
				},
				"neck8": {
					"rotation": {
						"0.0": [-1.54825, 0, 0],
						"0.24": [-4.03475, 0, 0],
						"0.52": [4.86646, 0, 0],
						"0.76": [9.57518, 0, 0],
						"1.04": [0, 0, 0]
					}
				},
				"neck9": {
					"rotation": {
						"0.0": [-1.9296, 0, 0],
						"0.24": [-4.90687, 0, 0],
						"0.52": [7.34708, 0, 0],
						"0.76": [11.70686, 0, 0],
						"1.04": [0, 0, 0]
					}
				},
				"neck10": {
					"rotation": {
						"0.0": [-1.97762, 0, 0],
						"0.24": [-5.61426, 0, 0],
						"0.52": [10.35578, 0, 0],
						"0.76": [13.22402, 0, 0],
						"1.04": [0, 0, 0]
					}
				},
				"neck11": {
					"rotation": {
						"0.0": [-3.45456, 0, 0],
						"0.24": [-5.96899, 0, 0],
						"0.52": [12.88915, 0, 0],
						"0.76": [13.49449, 0, 0],
						"1.04": [0, 0, 0]
					}
				},
				"neck12": {
					"rotation": {
						"0.0": [3.33683, 0, 0],
						"0.24": [-5.79673, 0, 0],
						"0.52": [13.30856, 0, 0],
						"0.76": [11.88166, 0, 0],
						"1.04": [0, 0, 0]
					}
				},
				"neck13": {
					"rotation": {
						"0.0": [-2.11093, 0, 0],
						"0.24": [-4.99866, 0, 0],
						"0.52": [9.96102, 0, 0],
						"0.76": [7.83509, 0, 0],
						"1.04": [0, 0, 0]
					}
				},
				"neck14": {
					"rotation": {
						"0.0": [-25.57271, 0, 0],
						"0.24": [-24.0156, 0, 0],
						"0.52": [4.37186, 0, 0],
						"0.76": [1.78027, 0, 0],
						"1.04": [0, 0, 0]
					}
				}
			}
		},
		"animation.cartoon_head.attack3": {
			"animation_length": 1.04,
			"bones": {
				"neck": {
					"rotation": {
						"0.0": [-22.78564, 0, 45],
						"0.24": [-33.22475, 0, 45],
						"0.52": [14.32466, 0, 45],
						"0.76": [13.99759, 0, 37.5],
						"1.04": [0, 0, 0]
					},
					"scale": {
						"0.0": [1, 1, 1],
						"0.24": [1, 1, 1],
						"0.52": [3.1, 2.8, 1.7],
						"0.76": [3.4, 3, 1.8],
						"1.04": [1, 1, 1]
					}
				},
				"neck2": {
					"rotation": {
						"0.0": [-0.15048, 0, 0],
						"0.24": [-0.32843, 0, 0],
						"0.52": [0.461, 0, 0],
						"0.76": [0.71174, 0, 0],
						"1.04": [0, 0, 0]
					}
				},
				"neck3": {
					"rotation": {
						"0.0": [-0.31082, 0, 0],
						"0.24": [-0.69436, 0, 0],
						"0.52": [0.82593, 0, 0],
						"0.76": [1.51406, 0, 0],
						"1.04": [0, 0, 0]
					}
				},
				"neck4": {
					"rotation": {
						"0.0": [-0.49108, 0, 0],
						"0.24": [-1.13413, 0, 0],
						"0.52": [1.13659, 0, 0],
						"0.76": [2.50053, 0, 0],
						"1.04": [0, 0, 0]
					}
				},
				"neck5": {
					"rotation": {
						"0.0": [-0.70113, 0, 0],
						"0.24": [-1.67989, 0, 0],
						"0.52": [1.51643, 0, 0],
						"0.76": [3.76409, 0, 0],
						"1.04": [0, 0, 0]
					}
				},
				"neck6": {
					"rotation": {
						"0.0": [-0.94813, 0, 0],
						"0.24": [-2.35287, 0, 0],
						"0.52": [2.12875, 0, 0],
						"0.76": [5.37895, 0, 0],
						"1.04": [0, 0, 0]
					}
				},
				"neck7": {
					"rotation": {
						"0.0": [-1.23761, 0, 0],
						"0.24": [-3.15149, 0, 0],
						"0.52": [3.1718, 0, 0],
						"0.76": [7.35692, 0, 0],
						"1.04": [0, 0, 0]
					}
				},
				"head": {
					"rotation": {
						"0.0": [-20, 0, 0],
						"0.52": [-45, 0, 0],
						"1.04": [0, 0, 0]
					}
				},
				"jaw": {
					"rotation": {
						"0.0": [20, 0, 0],
						"0.24": [45.77, 0, 0],
						"0.52": [0, 0, 0],
						"1.04": [0, 0, 0]
					},
					"position": {
						"0.0": [0, 0, 0.6],
						"0.24": [0, 0, 0.62],
						"0.52": [0, 0, 0],
						"1.04": [0, 0, 0]
					}
				},
				"neck8": {
					"rotation": {
						"0.0": [-1.54825, 0, 0],
						"0.24": [-4.03475, 0, 0],
						"0.52": [4.86646, 0, 0],
						"0.76": [9.57518, 0, 0],
						"1.04": [0, 0, 0]
					}
				},
				"neck9": {
					"rotation": {
						"0.0": [-1.9296, 0, 0],
						"0.24": [-4.90687, 0, 0],
						"0.52": [7.34708, 0, 0],
						"0.76": [11.70686, 0, 0],
						"1.04": [0, 0, 0]
					}
				},
				"neck10": {
					"rotation": {
						"0.0": [-1.97762, 0, 0],
						"0.24": [-5.61426, 0, 0],
						"0.52": [10.35578, 0, 0],
						"0.76": [13.22402, 0, 0],
						"1.04": [0, 0, 0]
					}
				},
				"neck11": {
					"rotation": {
						"0.0": [-3.45456, 0, 0],
						"0.24": [-5.96899, 0, 0],
						"0.52": [12.88915, 0, 0],
						"0.76": [13.49449, 0, 0],
						"1.04": [0, 0, 0]
					}
				},
				"neck12": {
					"rotation": {
						"0.0": [3.33683, 0, 0],
						"0.24": [-5.79673, 0, 0],
						"0.52": [13.30856, 0, 0],
						"0.76": [11.88166, 0, 0],
						"1.04": [0, 0, 0]
					}
				},
				"neck13": {
					"rotation": {
						"0.0": [-2.11093, 0, 0],
						"0.24": [-4.99866, 0, 0],
						"0.52": [9.96102, 0, 0],
						"0.76": [7.83509, 0, 0],
						"1.04": [0, 0, 0]
					}
				},
				"neck14": {
					"rotation": {
						"0.0": [-25.57271, 0, 0],
						"0.24": [-24.0156, 0, 0],
						"0.52": [4.37186, 0, 0],
						"0.76": [1.78027, 0, 0],
						"1.04": [0, 0, 0]
					}
				}
			}
		},
		"animation.cartoon_head.attack2": {
			"animation_length": 1.04,
			"bones": {
				"neck": {
					"rotation": {
						"0.0": [-22.78564, 0, -45],
						"0.24": [-33.22475, 0, -45],
						"0.52": [14.32466, 0, -45],
						"0.76": [13.99759, 0, -35],
						"1.04": [0, 0, 0]
					},
					"scale": {
						"0.0": [1, 1, 1],
						"0.24": [1, 1, 1],
						"0.52": [3.1, 2.8, 1.7],
						"0.76": [3.4, 3, 1.8],
						"1.04": [1, 1, 1]
					}
				},
				"neck2": {
					"rotation": {
						"0.0": [-0.15048, 0, 0],
						"0.24": [-0.32843, 0, 0],
						"0.52": [0.461, 0, 0],
						"0.76": [0.71174, 0, 0],
						"1.04": [0, 0, 0]
					}
				},
				"neck3": {
					"rotation": {
						"0.0": [-0.31082, 0, 0],
						"0.24": [-0.69436, 0, 0],
						"0.52": [0.82593, 0, 0],
						"0.76": [1.51406, 0, 0],
						"1.04": [0, 0, 0]
					}
				},
				"neck4": {
					"rotation": {
						"0.0": [-0.49108, 0, 0],
						"0.24": [-1.13413, 0, 0],
						"0.52": [1.13659, 0, 0],
						"0.76": [2.50053, 0, 0],
						"1.04": [0, 0, 0]
					}
				},
				"neck5": {
					"rotation": {
						"0.0": [-0.70113, 0, 0],
						"0.24": [-1.67989, 0, 0],
						"0.52": [1.51643, 0, 0],
						"0.76": [3.76409, 0, 0],
						"1.04": [0, 0, 0]
					}
				},
				"neck6": {
					"rotation": {
						"0.0": [-0.94813, 0, 0],
						"0.24": [-2.35287, 0, 0],
						"0.52": [2.12875, 0, 0],
						"0.76": [5.37895, 0, 0],
						"1.04": [0, 0, 0]
					}
				},
				"neck7": {
					"rotation": {
						"0.0": [-1.23761, 0, 0],
						"0.24": [-3.15149, 0, 0],
						"0.52": [3.1718, 0, 0],
						"0.76": [7.35692, 0, 0],
						"1.04": [0, 0, 0]
					}
				},
				"head": {
					"rotation": {
						"0.0": [-20, 0, 0],
						"0.52": [-45, 0, 0],
						"1.04": [0, 0, 0]
					}
				},
				"jaw": {
					"rotation": {
						"0.0": [20, 0, 0],
						"0.24": [45.77, 0, 0],
						"0.52": [0, 0, 0],
						"1.04": [0, 0, 0]
					},
					"position": {
						"0.0": [0, 0, 0.6],
						"0.24": [0, 0, 0.62],
						"0.52": [0, 0, 0],
						"1.04": [0, 0, 0]
					}
				},
				"neck8": {
					"rotation": {
						"0.0": [-1.54825, 0, 0],
						"0.24": [-4.03475, 0, 0],
						"0.52": [4.86646, 0, 0],
						"0.76": [9.57518, 0, 0],
						"1.04": [0, 0, 0]
					}
				},
				"neck9": {
					"rotation": {
						"0.0": [-1.9296, 0, 0],
						"0.24": [-4.90687, 0, 0],
						"0.52": [7.34708, 0, 0],
						"0.76": [11.70686, 0, 0],
						"1.04": [0, 0, 0]
					}
				},
				"neck10": {
					"rotation": {
						"0.0": [-1.97762, 0, 0],
						"0.24": [-5.61426, 0, 0],
						"0.52": [10.35578, 0, 0],
						"0.76": [13.22402, 0, 0],
						"1.04": [0, 0, 0]
					}
				},
				"neck11": {
					"rotation": {
						"0.0": [-3.45456, 0, 0],
						"0.24": [-5.96899, 0, 0],
						"0.52": [12.88915, 0, 0],
						"0.76": [13.49449, 0, 0],
						"1.04": [0, 0, 0]
					}
				},
				"neck12": {
					"rotation": {
						"0.0": [3.33683, 0, 0],
						"0.24": [-5.79673, 0, 0],
						"0.52": [13.30856, 0, 0],
						"0.76": [11.88166, 0, 0],
						"1.04": [0, 0, 0]
					}
				},
				"neck13": {
					"rotation": {
						"0.0": [-2.11093, 0, 0],
						"0.24": [-4.99866, 0, 0],
						"0.52": [9.96102, 0, 0],
						"0.76": [7.83509, 0, 0],
						"1.04": [0, 0, 0]
					}
				},
				"neck14": {
					"rotation": {
						"0.0": [-25.57271, 0, 0],
						"0.24": [-24.0156, 0, 0],
						"0.52": [4.37186, 0, 0],
						"0.76": [1.78027, 0, 0],
						"1.04": [0, 0, 0]
					}
				}
			}
		},
		"animation.cartoon_head.gan": {
			"loop": true,
			"bones": {
				"neck": {
					"rotation": [-27.5, 0, 0],
					"position": [0, 8, -4]
				},
				"neck2": {
					"rotation": [7.5, 0, 0]
				}
			}
		},
		"animation.cartoon_head.extend": {
			"loop": true,
			"bones": {
				"neck": {
					"scale": [7, 8.5, 7.3]
				}
			}
		}
	}
}