{
	"format_version": "1.8.0",
	"animations": {
		"animation.player_b.panic": {
			"loop": true,
			"bones": {
				"root": {
					"position": [0, 15, 12]
				},
				"waist": {
					"rotation": ["0+Math.sin(query.life_time * 180.0) * 10", 0, "0+Math.sin(query.life_time * 360.0) * 10"]
				},
				"rightArm": {
					"rotation": ["0+Math.sin(query.life_time * 360.0) * 50", 0, "127.5+Math.sin(query.life_time * 180.0) * -50"]
				},
				"head": {
					"rotation": ["0+Math.sin(query.life_time * 180.0) * 50", 0, "0+Math.sin(query.life_time * 360.0) * 50"]
				},
				"leftArm": {
					"rotation": ["0+Math.sin(query.life_time * 360.0) * -50", 0, "-127.5+Math.sin(query.life_time * 180.0) * 50"]
				},
				"leftLeg": {
					"rotation": ["0+Math.sin(query.life_time * 360.0) * -5", 0, -2.5]
				},
				"rightLeg": {
					"rotation": ["0+Math.sin(query.life_time * 360.0) * 5", 0, 2.5]
				}
			}
		},
		"animation.player_b.hit": {
			"loop": true,
			"bones": {
				"root": {
					"rotation": [-52.5, 0, 0],
					"position": [0, -4, -6]
				},
				"waist": {
					"rotation": [-22.5, 0, 0]
				},
				"rightArm": {
					"rotation": [-85, 40, 0]
				},
				"head": {
					"rotation": [-45, 0, 0]
				},
				"leftArm": {
					"rotation": [-112.5, -22.5, 0]
				},
				"leftLeg": {
					"rotation": [-82.5, -5, 0]
				},
				"rightLeg": {
					"rotation": [-72.5, 15, 0]
				}
			}
		},
		"animation.player_b.head_lost": {
			"loop": true,
			"bones": {
				"waist": {
					"rotation": [-12.5, 0, 0]
				},
				"rightArm": {
					"rotation": [5, 0, 7.5]
				},
				"head": {
					"scale": 0
				},
				"leftArm": {
					"rotation": [7.5, 0, -5]
				}
			}
		},
		"animation.player_b.blindness": {
			"loop": true,
			"bones": {
				"rightArm": {
					"rotation": [-117.5, "-30+Math.sin(query.life_time * 1000.0) * 4", 0],
					"position": [0, "0+Math.sin(query.life_time * 900.0) * 0.2", 0]
				},
				"head": {
					"rotation": [25, "0+Math.sin(query.life_time * 1000.0) * 4", 0],
					"position": [0, "0+Math.sin(query.life_time * 1000.0) * 0.1", 0]
				},
				"leftArm": {
					"rotation": [-115, "37.5+Math.sin(query.life_time * 1000.0) * -4", 0],
					"position": [0, "0+Math.sin(query.life_time * 900.0) * 0.2", 0]
				}
			}
		}
	}
}