{
	"format_version": "1.8.0",
	"animations": {
		"animation.siren_head_bd.general": {
			"loop": true,
			"bones": {
				"rightleg": {
					"rotation": ["-5+Math.cos(query.life_time * 180) *3", -10, 0]
				},
				"leftleg": {
					"rotation": ["-5+Math.cos(query.life_time * 180) *3", 10, 0]
				},
				"rightarm": {
					"rotation": ["-query.target_x_rotation - this", 0, "0+Math.cos(query.life_time * 180) *2"]
				},
				"leftarm": {
					"rotation": ["-query.target_x_rotation - this", 0, "0+Math.cos(query.life_time * 180) *-2"]
				},
				"head": {
					"rotation": ["query.target_x_rotation - this", "0+query.target_y_rotation - this", 0]
				},
				"siren1": {
					"rotation": ["Math.sin(query.life_time * 180.0) * 3", 25, 0],
					"position": [0, "Math.sin(query.life_time * 180.0) * 0.1", 0]
				},
				"siren2": {
					"rotation": ["Math.sin(query.life_time * 180.0) * 3", -25, 0],
					"position": [0, "Math.sin(query.life_time * 180.0) * 0.1", 0]
				},
				"rightarm2": {
					"rotation": [-20, 0, 0]
				},
				"leftarm2": {
					"rotation": [-15, 0, 0]
				},
				"righthand": {
					"rotation": ["Math.cos(query.anim_time * 40 + 40) *10.0", 0, 0]
				},
				"righthand2": {
					"rotation": ["Math.cos(query.anim_time * 10 + 10) *10.0", 0, 0]
				},
				"righthand7": {
					"rotation": ["Math.cos(query.anim_time * 40 + 40) *10.0", 0, 0]
				},
				"righthand3": {
					"rotation": ["Math.cos(query.anim_time * 40 + 40) *10.0", 0, 0]
				},
				"righthand8": {
					"rotation": ["Math.cos(query.anim_time * 40 + 40) *10.0", 0, 0]
				},
				"righthand4": {
					"rotation": ["Math.cos(query.anim_time * 40 + 40) *10.0", 0, 0]
				},
				"righthand9": {
					"rotation": ["Math.cos(query.anim_time * 40 + 40) *10.0", 0, 0]
				},
				"righthand5": {
					"rotation": ["Math.cos(query.anim_time * 40 + 40) *10.0", 0, 0]
				},
				"righthand10": {
					"rotation": ["Math.cos(query.anim_time * 40 + 40) *10.0", 0, 0]
				},
				"righthand6": {
					"rotation": ["Math.cos(query.anim_time * 40 + 40) *10.0", 0, 0]
				},
				"righthand11": {
					"rotation": ["Math.cos(query.anim_time * 40 + 40) *10.0", 0, 0]
				},
				"lefthand": {
					"rotation": ["Math.cos(query.anim_time * 40 + 40) *10.0", 0, 0]
				},
				"lefthand2": {
					"rotation": ["Math.cos(query.anim_time * 40 + 40) *10.0", 0, 0]
				},
				"lefthand11": {
					"rotation": ["Math.cos(query.anim_time * 40 + 40) *10.0", 0, 0]
				},
				"lefthand3": {
					"rotation": ["Math.cos(query.anim_time * 40 + 40) *10.0", 0, 0]
				},
				"lefthand10": {
					"rotation": ["Math.cos(query.anim_time * 40 + 40) *10.0", 0, 0]
				},
				"lefthand4": {
					"rotation": ["Math.cos(query.anim_time * 40 + 40) *10.0", 0, 0]
				},
				"lefthand9": {
					"rotation": ["Math.cos(query.anim_time * 40 + 40) *10.0", 0, 0]
				},
				"lefthand5": {
					"rotation": ["Math.cos(query.anim_time * 40 + 40) *10.0", 0, 0]
				},
				"lefthand8": {
					"rotation": ["Math.cos(query.anim_time * 40 + 40) *10.0", 0, 0]
				},
				"lefthand6": {
					"rotation": ["Math.cos(query.anim_time * 40 + 40) *10.0", 0, 0]
				},
				"lefthand7": {
					"rotation": ["Math.cos(query.anim_time * 40 + 40) *10.0", 0, 0]
				},
				"body2": {
					"rotation": ["0+Math.cos(query.life_time * 180) *3", "0+query.target_y_rotation - this", 0]
				},
				"rightleg3": {
					"rotation": ["5+Math.cos(query.life_time * 180) *-6", 0, 0]
				},
				"leftleg2": {
					"rotation": ["5+Math.cos(query.life_time * 180) *-6", 0, 0]
				},
				"body": {
					"rotation": ["0+Math.cos(query.life_time * 180) *-3", 0, 0]
				},
				"body3": {
					"rotation": ["0+Math.cos(query.life_time * 180) *-3 +query.target_x_rotation - this", "0+query.target_y_rotation - this", 0]
				},
				"right_feet": {
					"rotation": ["0+Math.cos(query.life_time * 180) *3", 0, 0]
				},
				"left_feet": {
					"rotation": ["0+Math.cos(query.life_time * 180) *3", 0, 0]
				},
				"teeth": {
					"scale": [1, "1+Math.cos(query.life_time * 180) *0.2", 1]
				},
				"teeth2": {
					"scale": [1, "1+Math.cos(query.life_time * 180) *0.2", 1]
				},
				"teeth3": {
					"scale": [1, "1+Math.cos(query.life_time * 180) *-0.2", 1]
				},
				"teeth4": {
					"scale": [1, "1+Math.cos(query.life_time * 180) *-0.2", 1]
				},
				"slam": {
					"position": [0, 0, 0],
					"scale": [2, 1, 2]
				}
			}
		},
		"animation.siren_head_bd.final": {
			"loop": true,
			"animation_length": 10000,
			"bones": {
				"rightleg": {
					"rotation": {
						"0.0": ["-5+Math.cos(query.life_time * 180) *3", -10, 0],
						"9.96": ["-5+Math.cos(query.life_time * 180) *3", -10, 0]
					}
				},
				"leftleg": {
					"rotation": {
						"0.0": ["-5+Math.cos(query.life_time * 180) *3", 10, 0],
						"9.96": ["-5+Math.cos(query.life_time * 180) *3", 10, 0]
					}
				},
				"rightarm": {
					"rotation": {
						"0.0": ["-query.target_x_rotation - this", -30, "-5+Math.cos(query.life_time * 180) *2"],
						"4.68": [-110, -10, "-5+Math.cos(query.life_time * 180) *2"],
						"7.36": [-110, -10, "-5+Math.cos(query.life_time * 180) *2"],
						"9.96": [0, -30, -25]
					}
				},
				"leftarm": {
					"rotation": {
						"0.0": ["-query.target_x_rotation - this", 25, "5+Math.cos(query.life_time * 180) *-2"],
						"4.68": [-115, 0, "5+Math.cos(query.life_time * 180) *-2"],
						"7.36": [-115, 0, "5+Math.cos(query.life_time * 180) *-2"],
						"9.96": [0, 25, "25+Math.cos(query.life_time * 180) *-2"]
					}
				},
				"head": {
					"rotation": {
						"0.0": [-15, 0, 0],
						"4.68": [40, 0, 0],
						"7.36": [40, 0, 0],
						"9.96": [-15, 0, 0]
					}
				},
				"siren1": {
					"rotation": {
						"0.0": ["Math.sin(query.life_time * 180.0) * 3", 25, 0],
						"9.96": ["Math.sin(query.life_time * 180.0) * 3", 25, 0]
					},
					"position": {
						"0.0": [0, "Math.sin(query.life_time * 180.0) * 0.1", 0],
						"9.96": [0, "Math.sin(query.life_time * 180.0) * 0.1", 0]
					}
				},
				"siren2": {
					"rotation": {
						"0.0": ["Math.sin(query.life_time * 180.0) * 3", -25, 0],
						"9.96": ["Math.sin(query.life_time * 180.0) * 3", -25, 0]
					},
					"position": {
						"0.0": [0, "Math.sin(query.life_time * 180.0) * 0.1", 0],
						"9.96": [0, "Math.sin(query.life_time * 180.0) * 0.1", 0]
					}
				},
				"rightarm2": {
					"rotation": {
						"0.0": [0, 0, 0],
						"4.68": [-75, 0, 0],
						"7.36": [-75, 0, 0],
						"9.96": [-115, 0, 0]
					}
				},
				"leftarm2": {
					"rotation": {
						"0.0": [0, 0, 0],
						"4.68": [-70, 0, 0],
						"7.36": [-70, 0, 0],
						"9.96": [-125, 30, 0]
					}
				},
				"righthand": {
					"rotation": {
						"0.0": ["Math.cos(query.anim_time * 40 + 40) *10.0", -95, 0],
						"9.96": ["Math.cos(query.anim_time * 40 + 40) *10.0", -95, 0]
					}
				},
				"righthand2": {
					"rotation": {
						"0.0": ["Math.cos(query.anim_time * 10 + 10) *10.0", 0, 0],
						"9.96": ["Math.cos(query.anim_time * 10 + 10) *10.0", 0, 0]
					}
				},
				"righthand7": {
					"rotation": {
						"0.0": ["Math.cos(query.anim_time * 40 + 40) *10.0", 0, 0],
						"9.96": ["Math.cos(query.anim_time * 40 + 40) *10.0", 0, 0]
					}
				},
				"righthand3": {
					"rotation": {
						"0.0": ["Math.cos(query.anim_time * 40 + 40) *10.0", 0, 0],
						"9.96": ["Math.cos(query.anim_time * 40 + 40) *10.0", 0, 0]
					}
				},
				"righthand8": {
					"rotation": {
						"0.0": ["Math.cos(query.anim_time * 40 + 40) *10.0", 0, 0],
						"9.96": ["Math.cos(query.anim_time * 40 + 40) *10.0", 0, 0]
					}
				},
				"righthand4": {
					"rotation": {
						"0.0": ["Math.cos(query.anim_time * 40 + 40) *10.0", 0, 0],
						"9.96": ["Math.cos(query.anim_time * 40 + 40) *10.0", 0, 0]
					}
				},
				"righthand9": {
					"rotation": {
						"0.0": ["Math.cos(query.anim_time * 40 + 40) *10.0", 0, 0],
						"9.96": ["Math.cos(query.anim_time * 40 + 40) *10.0", 0, 0]
					}
				},
				"righthand5": {
					"rotation": {
						"0.0": ["Math.cos(query.anim_time * 40 + 40) *10.0", 0, 0],
						"9.96": ["Math.cos(query.anim_time * 40 + 40) *10.0", 0, 0]
					}
				},
				"righthand10": {
					"rotation": {
						"0.0": ["Math.cos(query.anim_time * 40 + 40) *10.0", 0, 0],
						"9.96": ["Math.cos(query.anim_time * 40 + 40) *10.0", 0, 0]
					}
				},
				"righthand6": {
					"rotation": {
						"0.0": ["Math.cos(query.anim_time * 40 + 40) *10.0", 0, 0],
						"9.96": ["Math.cos(query.anim_time * 40 + 40) *10.0", 0, 0]
					}
				},
				"righthand11": {
					"rotation": {
						"0.0": ["Math.cos(query.anim_time * 40 + 40) *10.0", 0, 0],
						"9.96": ["Math.cos(query.anim_time * 40 + 40) *10.0", 0, 0]
					}
				},
				"lefthand": {
					"rotation": {
						"0.0": ["Math.cos(query.anim_time * 40 + 40) *10.0", 95, 0],
						"9.96": ["Math.cos(query.anim_time * 40 + 40) *10.0", 95, 0]
					}
				},
				"lefthand2": {
					"rotation": {
						"0.0": ["Math.cos(query.anim_time * 40 + 40) *10.0", 0, 0],
						"9.96": ["Math.cos(query.anim_time * 40 + 40) *10.0", 0, 0]
					}
				},
				"lefthand11": {
					"rotation": {
						"0.0": ["Math.cos(query.anim_time * 40 + 40) *10.0", 0, 0],
						"9.96": ["Math.cos(query.anim_time * 40 + 40) *10.0", 0, 0]
					}
				},
				"lefthand3": {
					"rotation": {
						"0.0": ["Math.cos(query.anim_time * 40 + 40) *10.0", 0, 0],
						"9.96": ["Math.cos(query.anim_time * 40 + 40) *10.0", 0, 0]
					}
				},
				"lefthand10": {
					"rotation": {
						"0.0": ["Math.cos(query.anim_time * 40 + 40) *10.0", 0, 0],
						"9.96": ["Math.cos(query.anim_time * 40 + 40) *10.0", 0, 0]
					}
				},
				"lefthand4": {
					"rotation": {
						"0.0": ["Math.cos(query.anim_time * 40 + 40) *10.0", 0, 0],
						"9.96": ["Math.cos(query.anim_time * 40 + 40) *10.0", 0, 0]
					}
				},
				"lefthand9": {
					"rotation": {
						"0.0": ["Math.cos(query.anim_time * 40 + 40) *10.0", 0, 0],
						"9.96": ["Math.cos(query.anim_time * 40 + 40) *10.0", 0, 0]
					}
				},
				"lefthand5": {
					"rotation": {
						"0.0": ["Math.cos(query.anim_time * 40 + 40) *10.0", 0, 0],
						"9.96": ["Math.cos(query.anim_time * 40 + 40) *10.0", 0, 0]
					}
				},
				"lefthand8": {
					"rotation": {
						"0.0": ["Math.cos(query.anim_time * 40 + 40) *10.0", 0, 0],
						"9.96": ["Math.cos(query.anim_time * 40 + 40) *10.0", 0, 0]
					}
				},
				"lefthand6": {
					"rotation": {
						"0.0": ["Math.cos(query.anim_time * 40 + 40) *10.0", 0, 0],
						"9.96": ["Math.cos(query.anim_time * 40 + 40) *10.0", 0, 0]
					}
				},
				"lefthand7": {
					"rotation": {
						"0.0": ["Math.cos(query.anim_time * 40 + 40) *10.0", 0, 0],
						"9.96": ["Math.cos(query.anim_time * 40 + 40) *10.0", 0, 0]
					}
				},
				"body2": {
					"rotation": {
						"0.0": ["0+Math.cos(query.life_time * 180) *3 +query.target_x_rotation - this", "0+query.target_y_rotation - this", 0],
						"4.68": ["30+Math.cos(query.life_time * 180) *3", 0, 0],
						"7.36": ["30+Math.cos(query.life_time * 180) *3", 0, 0],
						"9.96": ["-20+Math.cos(query.life_time * 180) *3", 0, 0]
					}
				},
				"rightleg3": {
					"rotation": {
						"0.0": ["5+Math.cos(query.life_time * 180) *-6", 0, 0],
						"9.96": ["5+Math.cos(query.life_time * 180) *-6", 0, 0]
					}
				},
				"leftleg2": {
					"rotation": {
						"0.0": ["5+Math.cos(query.life_time * 180) *-6", 0, 0],
						"9.96": ["5+Math.cos(query.life_time * 180) *-6", 0, 0]
					}
				},
				"body": {
					"rotation": {
						"0.0": ["0+Math.cos(query.life_time * 180) *-3", 0, 0],
						"4.68": ["35+Math.cos(query.life_time * 180) *-3", 0, 0],
						"7.36": ["35+Math.cos(query.life_time * 180) *-3", 0, 0],
						"9.96": [-2.91, 0, 0],
						"10.4": ["0+Math.cos(query.life_time * 180) *-3", 0, 0]
					}
				},
				"body3": {
					"rotation": {
						"0.0": ["0+Math.cos(query.life_time * 180) *-3 +query.target_x_rotation - this", "0+query.target_y_rotation - this", 0],
						"4.68": ["50+Math.cos(query.life_time * 180) *-3", 0, 0],
						"7.36": ["50+Math.cos(query.life_time * 180) *-3", 0, 0],
						"9.96": ["10+Math.cos(query.life_time * 180) *-3", -5, 0]
					}
				},
				"right_feet": {
					"rotation": {
						"0.0": ["0+Math.cos(query.life_time * 180) *3", 0, 0],
						"9.96": ["0+Math.cos(query.life_time * 180) *3", 0, 0]
					}
				},
				"left_feet": {
					"rotation": {
						"0.0": ["0+Math.cos(query.life_time * 180) *3", 0, 0],
						"9.96": ["0+Math.cos(query.life_time * 180) *3", 0, 0]
					}
				},
				"teeth": {
					"scale": {
						"0.0": [1, "1+Math.cos(query.life_time * 180) *0.2", 1],
						"9.96": [1, "1+Math.cos(query.life_time * 180) *0.2", 1]
					}
				},
				"teeth2": {
					"scale": {
						"0.0": [1, "1+Math.cos(query.life_time * 180) *0.2", 1],
						"9.96": [1, "1+Math.cos(query.life_time * 180) *0.2", 1]
					}
				},
				"teeth3": {
					"scale": {
						"0.0": [1, "1+Math.cos(query.life_time * 180) *-0.2", 1],
						"9.96": [1, "1+Math.cos(query.life_time * 180) *-0.2", 1]
					}
				},
				"teeth4": {
					"scale": {
						"0.0": [1, "1+Math.cos(query.life_time * 180) *-0.2", 1],
						"9.96": [1, "1+Math.cos(query.life_time * 180) *-0.2", 1]
					}
				}
			}
		},
		"animation.siren_head_bd.moving": {
			"loop": true,
			"animation_length": 0.9667,
			"anim_time_update": "query.modified_distance_moved * 0.035",
			"bones": {
				"body": {
					"rotation": {
						"0.0": [10, 0, 0],
						"0.24": [0, 0, 0],
						"0.48": [10, 0, 0],
						"0.72": [0, 0, 0],
						"0.96": [10, 0, 0]
					},
					"position": {
						"0.0": [0, -5, 0],
						"0.24": [0, 0, 0],
						"0.48": [0, -5, 0],
						"0.72": [0, 0, 0],
						"0.96": [0, -5, 0]
					}
				},
				"body2": {
					"rotation": {
						"0.0": [10, -5, 0],
						"0.24": [10, 0, 0],
						"0.48": [10, 5, 0],
						"0.72": [10, 5, 0],
						"0.96": [10, -5, 0]
					}
				},
				"body3": {
					"rotation": {
						"0.0": [-10, -10, 0],
						"0.24": [0, 0, 0],
						"0.48": [-10, 10, 0],
						"0.72": [0, 0, 0],
						"0.96": [-10, -10, 0]
					}
				},
				"rightarm": {
					"rotation": {
						"0.0": [15, 0, 0],
						"0.24": [-5, 0, 0],
						"0.48": [-10, 0, 0],
						"0.72": [5, 0, 0],
						"0.96": [15, 0, 0]
					}
				},
				"rightarm2": {
					"rotation": {
						"0.0": [-15, 0, 0],
						"0.24": [-25, 0, 0],
						"0.48": [-40, 0, 0],
						"0.72": [-5, 0, 0],
						"0.96": [-15, 0, 0]
					}
				},
				"head": {
					"rotation": {
						"0.0": [-15, 0, 0],
						"0.48": [15, 0, 0],
						"0.96": [-15, 0, 0]
					}
				},
				"leftarm": {
					"rotation": {
						"0.0": [-15, 0, 0],
						"0.24": [5, 0, 0],
						"0.48": [10, 0, 0],
						"0.72": [-5, 0, 0],
						"0.96": [-15, 0, 0]
					}
				},
				"leftarm2": {
					"rotation": {
						"0.0": [-15, 0, 0],
						"0.24": [-5, 0, 0],
						"0.48": [-5, 0, 0],
						"0.72": [-25, 0, 0],
						"0.96": [-15, 0, 0]
					}
				},
				"bone15": {
					"rotation": {
						"0.0": [0, -5, 0],
						"0.96": [0, -5, 0]
					}
				},
				"rightleg": {
					"rotation": {
						"0.0": [-45, 10, 0],
						"0.24": [-5, 0, 0],
						"0.48": [45, 0, 0],
						"0.72": [-35, 0, 0],
						"0.96": [-45, 10, 0]
					},
					"position": {
						"0.0": [0, -5, 0],
						"0.24": [0, 0, 0],
						"0.48": [0, -5, 0],
						"0.72": [0, 0, 0],
						"0.96": [0, -5, 0]
					}
				},
				"rightleg3": {
					"rotation": {
						"0.0": [30, 0, 0],
						"0.24": [10, 0, 0],
						"0.48": [40, 0, 0],
						"0.72": [115, 0, 0],
						"0.96": [30, 0, 0]
					}
				},
				"right_feet": {
					"rotation": {
						"0.0": [15, 0, 0],
						"0.24": [-5, 0, 0],
						"0.48": [30, 0, 0],
						"0.72": [10, 0, 0],
						"0.96": [15, 0, 0]
					}
				},
				"leftleg": {
					"rotation": {
						"0.0": [30, 0, 0],
						"0.24": [-35, 0, 0],
						"0.48": [-50, -5, 0],
						"0.72": [-5, 0, 0],
						"0.96": [30, 0, 0]
					},
					"position": {
						"0.0": [0, -5, 0],
						"0.24": [0, 0, 0],
						"0.48": [0, -5, 0],
						"0.72": [0, 0, 0],
						"0.96": [0, -5, 0]
					}
				},
				"leftleg2": {
					"rotation": {
						"0.0": [30, 0, 0],
						"0.24": [115, 0, 0],
						"0.48": [25, 0, 0],
						"0.72": [10, 0, 0],
						"0.96": [30, 0, 0]
					}
				},
				"left_feet": {
					"rotation": {
						"0.0": [30, 0, 0],
						"0.24": [10, 0, 0],
						"0.48": [10, 0, 0],
						"0.72": [-5, 0, 0],
						"0.96": [30, 0, 0]
					}
				},
				"teeth2": {
					"scale": {
						"0.0": [1, 0.3, 1],
						"0.24": [1, 0.8, 1],
						"0.72": [1, 0.2, 1],
						"0.96": [1, 0.3, 1]
					}
				},
				"teeth": {
					"scale": {
						"0.0": [1, 0.3, 1],
						"0.24": [1, 0.8, 1],
						"0.72": [1, 0.4, 1],
						"0.96": [1, 0.3, 1]
					}
				},
				"teeth4": {
					"scale": {
						"0.0": [1, 0.3, 1],
						"0.24": [1, 0.8, 1],
						"0.72": [1, 0.4, 1],
						"0.96": [1, 0.3, 1]
					}
				},
				"teeth3": {
					"scale": {
						"0.0": [1, 0.3, 1],
						"0.24": [1, 0.8, 1],
						"0.72": [1, 0.4, 1],
						"0.96": [1, 0.3, 1]
					}
				},
				"siren1": {
					"rotation": [0, 25, 0]
				},
				"siren2": {
					"rotation": [0, -25, 0]
				},
				"slam": {
					"position": [0, 0, 0],
					"scale": [2, 1, 2]
				}
			}
		},
		"animation.siren_head_bd.attack2": {
			"animation_length": 0.9667,
			"bones": {
				"body": {
					"rotation": {
						"0.0": [0, 0, 15],
						"0.28": [8.08, -30, 15],
						"0.52": [15, 30, 15],
						"0.8": [35.45, 0, 5.45],
						"0.96": [0, 0, 0]
					},
					"position": {
						"0.0": [0, -8, 11],
						"0.52": [0, -7.8, 10.85],
						"0.8": [0, -6.84, 11.76],
						"0.96": [0, 0, 0]
					}
				},
				"body2": {
					"rotation": {
						"0.0": [10, -15, -15],
						"0.28": [10, -16.15, -15],
						"0.52": [10, 20, -15],
						"0.96": ["0+Math.cos(query.life_time * 180) *3", 0, 0]
					}
				},
				"body3": {
					"rotation": {
						"0.0": [20, -10, 0],
						"0.28": [20, -16.54, 0],
						"0.52": [20, 15, 0],
						"0.96": ["0+Math.cos(query.life_time * 180) *-3", 0, 0]
					}
				},
				"rightarm": {
					"rotation": {
						"0.0": [-120, -60, 60],
						"0.28": [-161.54, -27.69, 76.15],
						"0.52": [-95, 0, 90],
						"0.8": [-59.55, 0, 31.7],
						"0.96": [0, 0, "0+Math.cos(query.life_time * 180) *2"]
					}
				},
				"righthand": {
					"rotation": {
						"0.0": [0, -90, 0],
						"0.52": [0, 5, 0]
					}
				},
				"leftarm": {
					"rotation": {
						"0.0": [0, -35, 30],
						"0.28": [-16.54, -5, 60],
						"0.52": [25, -35, 30],
						"0.96": [0, 0, "0+Math.cos(query.life_time * 180) *-2"]
					}
				},
				"rightleg": {
					"rotation": {
						"0.0": [-60, -45, 0],
						"0.28": [-70, -38.08, 0],
						"0.52": [-55, 5, 0],
						"0.8": [-49.73, -4.55, 0],
						"0.96": ["-5+Math.cos(query.life_time * 180) *3", -10, 0]
					},
					"position": {
						"0.0": [0, -9, 11],
						"0.52": [0, -7.15, 8.85],
						"0.8": [0, -6.6, 13.13],
						"0.96": [0, 0, 0]
					}
				},
				"rightleg3": {
					"rotation": {
						"0.0": [60, 0, 0],
						"0.28": [64.41, 0, 0],
						"0.32": [98.2, 0, 0],
						"0.52": [57.16, 0, 0],
						"0.8": [52.06, 0, 0],
						"0.96": ["5+Math.cos(query.life_time * 180) *-6", 0, 0]
					}
				},
				"leftleg": {
					"rotation": {
						"0.0": [-45, 55, 0],
						"0.32": [-36.38, 45.46, 0],
						"0.52": [-39.12, 55.75, 0],
						"0.8": [-43.95, 26.64, 0],
						"0.96": ["-5+Math.cos(query.life_time * 180) *3", 10, 0]
					},
					"position": {
						"0.0": [0, -5, 11],
						"0.52": [0, -4.75, 11.85],
						"0.8": [0, -5.73, 10.4],
						"0.96": [0, 0, 0]
					}
				},
				"leftleg2": {
					"rotation": {
						"0.0": [50, 0, 0],
						"0.52": [60.99, 0, 0],
						"0.8": [52.54, 0, 0],
						"0.96": ["5+Math.cos(query.life_time * 180) *-6", 0, 0]
					}
				},
				"rightarm2": {
					"rotation": {
						"0.0": [-45, 0, 0],
						"0.52": [60, 0, 0],
						"0.96": [-20, 0, 0]
					}
				},
				"head": {
					"rotation": {
						"0.0": [0, 15, 0],
						"0.52": [-15, -35, 0],
						"0.96": [0, 0, 0]
					}
				},
				"leftarm2": {
					"rotation": {
						"0.0": [-65, 0, 0],
						"0.28": [-11.54, 0, 0],
						"0.52": [-40, 0, 0],
						"0.8": [-69.09, 0, 0],
						"0.96": [-15, 0, 0]
					}
				},
				"right_feet": {
					"rotation": ["0+Math.cos(query.life_time * 180) *3", 0, 0]
				},
				"left_feet": {
					"rotation": {
						"0.52": ["-20+Math.cos(query.life_time * 180) *3", 0, 0],
						"0.8": [-10.61, 0, 0],
						"0.96": ["0+Math.cos(query.life_time * 180) *3", 0, 0]
					}
				},
				"arm1": {
					"scale": {
						"0.76": [0, 0, 0],
						"0.88": [1, 1, 1]
					}
				}
			}
		},
		"animation.siren_head_bd.attack1": {
			"animation_length": 0.8,
			"bones": {
				"body": {
					"rotation": ["0+Math.cos(query.life_time * 180) *-3", 0, 0],
					"position": {
						"0.0": [0, 0, 0],
						"0.04": [0, -0.41, 2.33],
						"0.12": [0, -4.22, 6.99],
						"0.48": [0, -17, 8],
						"0.6": [0, -7.5, 4],
						"0.72": [0, 0, 0]
					}
				},
				"body2": {
					"rotation": {
						"0.0": [-25, 0, 0],
						"0.32": [-21.67, 0, 0],
						"0.48": [25, 0, 0],
						"0.6": [37.04, 0, 0],
						"0.72": ["0+Math.cos(query.life_time * 180) *3", 0, 0]
					}
				},
				"body3": {
					"rotation": {
						"0.0": [-30, 0, 0],
						"0.32": [-15, 0, 0],
						"0.48": [45, 0, 0],
						"0.6": [22.96, 0, 0],
						"0.72": ["0+Math.cos(query.life_time * 180) *-3", 0, 0]
					}
				},
				"rightarm": {
					"rotation": {
						"0.0": [-140, 0, 0],
						"0.12": [-153.75, 0, 0],
						"0.32": [-155, 0, 0],
						"0.48": [-75, 0, 0],
						"0.6": [-67.5, 0, -0.31],
						"0.72": [0, 0, "0+Math.cos(query.life_time * 180) *2"]
					}
				},
				"righthand": {
					"rotation": ["Math.cos(query.anim_time * 40 + 40) *10.0", 0, 0]
				},
				"leftarm": {
					"rotation": {
						"0.0": [-135, 0, 0],
						"0.12": [-155, 0, 0],
						"0.32": [-160.56, 0, 0],
						"0.48": [-75, 0, 0],
						"0.6": [-67.5, 0, 0.31],
						"0.72": [0, 0, "0+Math.cos(query.life_time * 180) *-2"]
					}
				},
				"rightleg": {
					"rotation": {
						"0.0": [0, 0, 0],
						"0.12": [-36.25, 0, 0],
						"0.24": [-52.5, 0, 0],
						"0.48": [-75, 0, 0],
						"0.6": [-50.46, -5, 0],
						"0.72": ["-5+Math.cos(query.life_time * 180) *3", -10, 0]
					},
					"position": {
						"0.0": [0, 0, 0],
						"0.04": [0, -0.32, 3.08],
						"0.12": [0, -3.97, 9.23],
						"0.48": [0, -16, 9],
						"0.6": [0, -7, 4.5],
						"0.68": [0, -1.2, 1.42],
						"0.72": [0, 0, 0]
					}
				},
				"rightleg3": {
					"rotation": {
						"0.0": [0, 0, 0],
						"0.12": [43.75, 0, 0],
						"0.24": [67.5, 0, 0],
						"0.48": [105, 0, 0],
						"0.6": [70.93, 0, 0],
						"0.72": ["5+Math.cos(query.life_time * 180) *-6", 0, 0]
					}
				},
				"leftleg": {
					"rotation": {
						"0.0": [0, 0, 0],
						"0.12": [-36.25, 0, 0],
						"0.24": [-52.5, 0, 0],
						"0.48": [-75, 0, 0],
						"0.6": [-50.46, 5, 0],
						"0.72": ["-5+Math.cos(query.life_time * 180) *3", 10, 0]
					},
					"position": {
						"0.0": [0, 0, 0],
						"0.04": [0, -0.32, 3.08],
						"0.12": [0, -3.97, 9.23],
						"0.48": [0, -16, 9],
						"0.6": [0, -7, 4.5],
						"0.68": [0, -1.2, 1.42],
						"0.72": [0, 0, 0]
					}
				},
				"leftleg2": {
					"rotation": {
						"0.0": [0, 0, 0],
						"0.12": [43.75, 0, 0],
						"0.24": [67.5, 0, 0],
						"0.48": [105, 0, 0],
						"0.6": [70.93, 0, 0],
						"0.72": ["5+Math.cos(query.life_time * 180) *-6", 0, 0]
					}
				},
				"rightarm2": {
					"rotation": {
						"0.0": [-50, 0, 0],
						"0.48": [-75, 0, 0],
						"0.72": [-20, 0, 0]
					}
				},
				"righthand2": {
					"rotation": ["Math.cos(query.anim_time * 10 + 10) *10.0", 0, 0]
				},
				"righthand7": {
					"rotation": ["Math.cos(query.anim_time * 40 + 40) *10.0", 0, 0]
				},
				"righthand3": {
					"rotation": ["Math.cos(query.anim_time * 40 + 40) *10.0", 0, 0]
				},
				"righthand8": {
					"rotation": ["Math.cos(query.anim_time * 40 + 40) *10.0", 0, 0]
				},
				"righthand4": {
					"rotation": ["Math.cos(query.anim_time * 40 + 40) *10.0", 0, 0]
				},
				"righthand9": {
					"rotation": ["Math.cos(query.anim_time * 40 + 40) *10.0", 0, 0]
				},
				"righthand5": {
					"rotation": ["Math.cos(query.anim_time * 40 + 40) *10.0", 0, 0]
				},
				"righthand10": {
					"rotation": ["Math.cos(query.anim_time * 40 + 40) *10.0", 0, 0]
				},
				"righthand6": {
					"rotation": ["Math.cos(query.anim_time * 40 + 40) *10.0", 0, 0]
				},
				"righthand11": {
					"rotation": ["Math.cos(query.anim_time * 40 + 40) *10.0", 0, 0]
				},
				"head": {
					"rotation": ["query.target_x_rotation - this", "0+query.target_y_rotation - this", 0]
				},
				"siren1": {
					"rotation": ["Math.sin(query.life_time * 180.0) * 3", 25, 0],
					"position": [0, "Math.sin(query.life_time * 180.0) * 0.1", 0]
				},
				"siren2": {
					"rotation": ["Math.sin(query.life_time * 180.0) * 3", -25, 0],
					"position": [0, "Math.sin(query.life_time * 180.0) * 0.1", 0]
				},
				"leftarm2": {
					"rotation": {
						"0.0": [-55, 0, 0],
						"0.48": [-70, 0, 0],
						"0.72": [-15, 0, 0]
					}
				},
				"lefthand": {
					"rotation": ["Math.cos(query.anim_time * 40 + 40) *10.0", 0, 0]
				},
				"lefthand2": {
					"rotation": ["Math.cos(query.anim_time * 40 + 40) *10.0", 0, 0]
				},
				"lefthand11": {
					"rotation": ["Math.cos(query.anim_time * 40 + 40) *10.0", 0, 0]
				},
				"lefthand3": {
					"rotation": ["Math.cos(query.anim_time * 40 + 40) *10.0", 0, 0]
				},
				"lefthand10": {
					"rotation": ["Math.cos(query.anim_time * 40 + 40) *10.0", 0, 0]
				},
				"lefthand4": {
					"rotation": ["Math.cos(query.anim_time * 40 + 40) *10.0", 0, 0]
				},
				"lefthand9": {
					"rotation": ["Math.cos(query.anim_time * 40 + 40) *10.0", 0, 0]
				},
				"lefthand5": {
					"rotation": ["Math.cos(query.anim_time * 40 + 40) *10.0", 0, 0]
				},
				"lefthand8": {
					"rotation": ["Math.cos(query.anim_time * 40 + 40) *10.0", 0, 0]
				},
				"lefthand6": {
					"rotation": ["Math.cos(query.anim_time * 40 + 40) *10.0", 0, 0]
				},
				"lefthand7": {
					"rotation": ["Math.cos(query.anim_time * 40 + 40) *10.0", 0, 0]
				},
				"right_feet": {
					"rotation": {
						"0.0": [0, 0, 0],
						"0.48": [-30, 0, 0],
						"0.6": [-20.46, 0, 0],
						"0.72": ["0+Math.cos(query.life_time * 180) *3", 0, 0]
					}
				},
				"left_feet": {
					"rotation": {
						"0.0": [0, 0, 0],
						"0.48": [-30, 0, 0],
						"0.6": [-20.46, 0, 0],
						"0.72": ["0+Math.cos(query.life_time * 180) *3", 0, 0]
					}
				},
				"teeth": {
					"scale": [1, "1+Math.cos(query.life_time * 180) *0.2", 1]
				},
				"teeth2": {
					"scale": [1, "1+Math.cos(query.life_time * 180) *0.2", 1]
				},
				"teeth3": {
					"scale": [1, "1+Math.cos(query.life_time * 180) *-0.2", 1]
				},
				"teeth4": {
					"scale": [1, "1+Math.cos(query.life_time * 180) *-0.2", 1]
				},
				"arm2": {
					"scale": {
						"0.6": [0, 0, 0],
						"0.72": [1, 1, 1]
					}
				},
				"arm1": {
					"scale": {
						"0.6": [0, 0, 0],
						"0.72": [1, 1, 1]
					}
				}
			}
		},
		"animation.siren_head_bd.picking": {
			"loop": true,
			"animation_length": 5,
			"bones": {
				"body": {
					"rotation": {
						"0.0": [15, 0, 0],
						"2.0": [-5, 0, 0],
						"4.16": [-5, 0, 0],
						"4.68": ["0+Math.cos(query.life_time * 180) *-3", 0, 0]
					}
				},
				"body2": {
					"rotation": {
						"0.0": [20, 0, 0],
						"2.0": [-5, 0, 0],
						"4.16": [-5, 0, 0],
						"4.68": ["0+Math.cos(query.life_time * 180) *3", 0, 0]
					}
				},
				"body3": {
					"rotation": {
						"0.0": [25, 0, 0],
						"2.0": [25, 0, 0],
						"4.16": [25, 0, 0],
						"4.68": ["0+Math.cos(query.life_time * 180) *-3", 0, 0]
					}
				},
				"rightarm": {
					"rotation": {
						"0.0": [-60, "5+query.target_y_rotation - this", 0],
						"2.0": [-65, "0+query.target_y_rotation - this", 0],
						"3.64": [-65, 0, 0],
						"4.16": [-50, 0, 0],
						"4.68": [0, 0, "0+Math.cos(query.life_time * 180) *2"]
					}
				},
				"rightarm2": {
					"rotation": {
						"0.0": [-40, 0, 0],
						"2.0": [-52.5, 7.5, 5],
						"3.64": [-40, 5, 5],
						"4.16": [-90, 15, 0],
						"4.68": [-20, 0, 0]
					},
					"scale": {
						"0.0": [1, 1.2, 1],
						"2.0": [1, 1.2, 1]
					}
				},
				"righthand": {
					"rotation": {
						"0.0": [20, -80, 0],
						"2.0": [9.32, -85.81, 20],
						"3.16": [1.08, -88.67, 35],
						"4.16": [-5.49, -90.6, 12.08],
						"4.68": ["Math.cos(query.anim_time * 40 + 40) *10.0", 0, 0]
					}
				},
				"righthand2": {
					"rotation": ["Math.cos(query.anim_time * 10 + 10) *10.0", 0, 0]
				},
				"righthand7": {
					"rotation": ["Math.cos(query.anim_time * 40 + 40) *10.0", 0, 0]
				},
				"righthand3": {
					"rotation": ["Math.cos(query.anim_time * 40 + 40) *10.0", 0, 0]
				},
				"righthand8": {
					"rotation": ["Math.cos(query.anim_time * 40 + 40) *10.0", 0, 0]
				},
				"righthand4": {
					"rotation": ["Math.cos(query.anim_time * 40 + 40) *10.0", 0, 0]
				},
				"righthand9": {
					"rotation": ["Math.cos(query.anim_time * 40 + 40) *10.0", 0, 0]
				},
				"righthand5": {
					"rotation": ["Math.cos(query.anim_time * 40 + 40) *10.0", 0, 0]
				},
				"righthand10": {
					"rotation": ["Math.cos(query.anim_time * 40 + 40) *10.0", 0, 0]
				},
				"righthand6": {
					"rotation": ["Math.cos(query.anim_time * 40 + 40) *10.0", 0, 0]
				},
				"righthand11": {
					"rotation": ["Math.cos(query.anim_time * 40 + 40) *10.0", 0, 0]
				},
				"head": {
					"rotation": ["query.target_x_rotation - this", "0+query.target_y_rotation - this", 0]
				},
				"siren1": {
					"rotation": ["Math.sin(query.life_time * 180.0) * 3", 25, 0],
					"position": [0, "Math.sin(query.life_time * 180.0) * 0.1", 0]
				},
				"teeth2": {
					"scale": [1, "1+Math.cos(query.life_time * 180) *0.2", 1]
				},
				"teeth": {
					"scale": [1, "1+Math.cos(query.life_time * 180) *0.2", 1]
				},
				"siren2": {
					"rotation": ["Math.sin(query.life_time * 180.0) * 3", -25, 0],
					"position": [0, "Math.sin(query.life_time * 180.0) * 0.1", 0]
				},
				"teeth4": {
					"scale": [1, "1+Math.cos(query.life_time * 180) *-0.2", 1]
				},
				"teeth3": {
					"scale": [1, "1+Math.cos(query.life_time * 180) *-0.2", 1]
				},
				"leftarm": {
					"rotation": {
						"0.0": [-60, "-5+query.target_y_rotation - this", 0],
						"2.0": [-67.5, "5+query.target_y_rotation - this", 0],
						"3.64": [-65, 0, 5],
						"4.16": [-50, 0, 0],
						"4.68": [0, 0, "0+Math.cos(query.life_time * 180) *-2"]
					}
				},
				"leftarm2": {
					"rotation": {
						"0.0": [-40, 0, 0],
						"2.0": [-55, -5, 0],
						"3.64": [-40, -5, 5],
						"4.16": [-90, -15, 0],
						"4.68": [-15, 0, 0]
					},
					"scale": {
						"0.0": [1, 1.2, 1],
						"2.0": [1, 1.2, 1]
					}
				},
				"lefthand": {
					"rotation": {
						"0.0": [30, 65, 0],
						"2.0": [15.04, 82.22, -20],
						"3.16": [4.32, 86.63, -40],
						"4.16": [-4.38, 89.89, -13.8],
						"4.68": ["Math.cos(query.anim_time * 40 + 40) *10.0", 0, 0]
					}
				},
				"lefthand2": {
					"rotation": ["Math.cos(query.anim_time * 40 + 40) *10.0", 0, 0]
				},
				"lefthand11": {
					"rotation": ["Math.cos(query.anim_time * 40 + 40) *10.0", 0, 0]
				},
				"lefthand3": {
					"rotation": ["Math.cos(query.anim_time * 40 + 40) *10.0", 0, 0]
				},
				"lefthand10": {
					"rotation": ["Math.cos(query.anim_time * 40 + 40) *10.0", 0, 0]
				},
				"lefthand4": {
					"rotation": ["Math.cos(query.anim_time * 40 + 40) *10.0", 0, 0]
				},
				"lefthand9": {
					"rotation": ["Math.cos(query.anim_time * 40 + 40) *10.0", 0, 0]
				},
				"lefthand5": {
					"rotation": ["Math.cos(query.anim_time * 40 + 40) *10.0", 0, 0]
				},
				"lefthand8": {
					"rotation": ["Math.cos(query.anim_time * 40 + 40) *10.0", 0, 0]
				},
				"lefthand6": {
					"rotation": ["Math.cos(query.anim_time * 40 + 40) *10.0", 0, 0]
				},
				"lefthand7": {
					"rotation": ["Math.cos(query.anim_time * 40 + 40) *10.0", 0, 0]
				},
				"rightleg": {
					"rotation": ["-5+Math.cos(query.life_time * 180) *3", -10, 0]
				},
				"rightleg3": {
					"rotation": ["5+Math.cos(query.life_time * 180) *-6", 0, 0]
				},
				"right_feet": {
					"rotation": ["0+Math.cos(query.life_time * 180) *3", 0, 0]
				},
				"leftleg": {
					"rotation": ["-5+Math.cos(query.life_time * 180) *3", 10, 0]
				},
				"leftleg2": {
					"rotation": ["5+Math.cos(query.life_time * 180) *-6", 0, 0]
				},
				"left_feet": {
					"rotation": ["0+Math.cos(query.life_time * 180) *3", 0, 0]
				}
			}
		},
		"animation.siren_head_bd.stumping": {
			"animation_length": 7,
			"bones": {
				"body": {
					"rotation": {
						"0.0": [0, 0, 15],
						"3.12": [-3.46, 0, 15],
						"3.36": [25, 0, 15],
						"3.6": [35, 0, 15],
						"4.72": [35, 0, 15],
						"5.0": ["0+Math.cos(query.life_time * 180) *-3", 0, 0]
					},
					"position": {
						"0.0": [0, 0, 0],
						"3.12": [0, 0, 0],
						"3.36": [0, -7, -14],
						"3.6": [0, -7, -14],
						"4.72": [0, -7, -14],
						"5.0": [0, 0, 0]
					}
				},
				"body2": {
					"rotation": {
						"0.0": [-20, 0, -10],
						"3.12": [-3.85, 15, -10],
						"3.36": [10, 0, -10],
						"5.0": ["0+Math.cos(query.life_time * 180) *3 +query.target_x_rotation - this", "0+query.target_y_rotation - this", 0]
					}
				},
				"body3": {
					"rotation": {
						"0.0": [10, 20, 0],
						"3.12": [2.31, 25, 0],
						"3.36": [15, 0, 0],
						"3.6": [20, 0, 0],
						"4.72": [20, 0, 0],
						"5.0": ["0+Math.cos(query.life_time * 180) *-3 +query.target_x_rotation - this", "0+query.target_y_rotation - this", 0]
					}
				},
				"rightarm": {
					"rotation": {
						"0.0": [5, 0, -30],
						"3.12": [21.54, 0, -10.77],
						"3.36": [30, 0, -10],
						"3.6": [-5, 0, -10],
						"4.72": [-5, 0, -10],
						"5.0": ["-query.target_x_rotation - this", 0, "0+Math.cos(query.life_time * 180) *2"]
					}
				},
				"rightarm2": {
					"rotation": {
						"0.0": [-65, 0, 0],
						"3.36": [-50, 0, 0],
						"5.0": [-20, 0, 0]
					}
				},
				"righthand": {
					"rotation": ["Math.cos(query.anim_time * 40 + 40) *10.0", 0, 0]
				},
				"righthand2": {
					"rotation": ["Math.cos(query.anim_time * 10 + 10) *10.0", 0, 0]
				},
				"righthand7": {
					"rotation": ["Math.cos(query.anim_time * 40 + 40) *10.0", 0, 0]
				},
				"righthand3": {
					"rotation": ["Math.cos(query.anim_time * 40 + 40) *10.0", 0, 0]
				},
				"righthand8": {
					"rotation": ["Math.cos(query.anim_time * 40 + 40) *10.0", 0, 0]
				},
				"righthand4": {
					"rotation": ["Math.cos(query.anim_time * 40 + 40) *10.0", 0, 0]
				},
				"righthand9": {
					"rotation": ["Math.cos(query.anim_time * 40 + 40) *10.0", 0, 0]
				},
				"righthand5": {
					"rotation": ["Math.cos(query.anim_time * 40 + 40) *10.0", 0, 0]
				},
				"righthand10": {
					"rotation": ["Math.cos(query.anim_time * 40 + 40) *10.0", 0, 0]
				},
				"righthand6": {
					"rotation": ["Math.cos(query.anim_time * 40 + 40) *10.0", 0, 0]
				},
				"righthand11": {
					"rotation": ["Math.cos(query.anim_time * 40 + 40) *10.0", 0, 0]
				},
				"head": {
					"rotation": [35, 0, 0]
				},
				"siren1": {
					"position": [0, "Math.sin(query.life_time * 180.0) * 0.1", 0]
				},
				"teeth2": {
					"scale": [1, "1+Math.cos(query.life_time * 180) *0.2", 1]
				},
				"teeth": {
					"scale": [1, "1+Math.cos(query.life_time * 180) *0.2", 1]
				},
				"siren2": {
					"position": [0, "Math.sin(query.life_time * 180.0) * 0.1", 0]
				},
				"teeth4": {
					"scale": [1, "1+Math.cos(query.life_time * 180) *-0.2", 1]
				},
				"teeth3": {
					"scale": [1, "1+Math.cos(query.life_time * 180) *-0.2", 1]
				},
				"leftarm": {
					"rotation": {
						"0.0": [-125, 0, -20],
						"3.16": [-166.92, 0, -35.77],
						"3.36": [-55, 0, -5],
						"3.6": [-60, 0, -5],
						"4.72": [-60, 0, -5],
						"5.0": ["-query.target_x_rotation - this", 0, "0+Math.cos(query.life_time * 180) *-2"]
					}
				},
				"leftarm2": {
					"rotation": {
						"0.0": [-75, 0, 0],
						"3.16": [-70, 0, 0],
						"3.36": [-10, 0, 0],
						"3.6": [-30, 0, 0],
						"4.72": [-30, 0, 0],
						"5.0": [-15, 0, 0]
					}
				},
				"lefthand": {
					"rotation": {
						"0.0": [0, 0, 0],
						"3.36": [-70, 0, 0],
						"5.0": ["Math.cos(query.anim_time * 40 + 40) *10.0", 0, 0]
					}
				},
				"lefthand2": {
					"rotation": ["Math.cos(query.anim_time * 40 + 40) *10.0", 0, 0]
				},
				"lefthand11": {
					"rotation": ["Math.cos(query.anim_time * 40 + 40) *10.0", 0, 0]
				},
				"lefthand3": {
					"rotation": ["Math.cos(query.anim_time * 40 + 40) *10.0", 0, 0]
				},
				"lefthand10": {
					"rotation": ["Math.cos(query.anim_time * 40 + 40) *10.0", 0, 0]
				},
				"lefthand4": {
					"rotation": ["Math.cos(query.anim_time * 40 + 40) *10.0", 0, 0]
				},
				"lefthand9": {
					"rotation": ["Math.cos(query.anim_time * 40 + 40) *10.0", 0, 0]
				},
				"lefthand5": {
					"rotation": ["Math.cos(query.anim_time * 40 + 40) *10.0", 0, 0]
				},
				"lefthand8": {
					"rotation": ["Math.cos(query.anim_time * 40 + 40) *10.0", 0, 0]
				},
				"lefthand6": {
					"rotation": ["Math.cos(query.anim_time * 40 + 40) *10.0", 0, 0]
				},
				"lefthand7": {
					"rotation": ["Math.cos(query.anim_time * 40 + 40) *10.0", 0, 0]
				},
				"rightleg": {
					"rotation": {
						"0.0": [0, 0, 0],
						"3.12": [0, 0, 0],
						"3.56": [-10, 0, 0],
						"4.68": [-10, 0, 0],
						"5.0": ["-5+Math.cos(query.life_time * 180) *3", -10, 0]
					},
					"position": {
						"0.0": [0, 0, 0],
						"3.12": [0, 0, 0],
						"3.36": [0, -6, -15],
						"3.56": [0, -6, -15],
						"4.68": [0, -6, -15],
						"5.0": [0, 0, 0]
					}
				},
				"rightleg3": {
					"rotation": {
						"0.0": [0, 0, 0],
						"3.12": [2.69, 0, 0],
						"3.36": [60, 0, 0],
						"3.56": [65, 0, 0],
						"4.68": [65, 0, 0],
						"5.0": ["5+Math.cos(query.life_time * 180) *-6", 0, 0]
					}
				},
				"right_feet": {
					"rotation": {
						"0.0": [0, 0, 0],
						"3.08": [-5, 0, 0],
						"3.24": [-30, 0, 0],
						"3.72": [-27.5, 0, 0],
						"4.84": [-27.5, 0, 0],
						"5.0": [0, 0, 0]
					}
				},
				"leftleg": {
					"rotation": {
						"0.0": [-25, 0, 0],
						"3.12": [-12.88, 0, 0],
						"3.36": [-80, 0, 0],
						"3.56": [-50, 0, 0],
						"4.68": [-50, 0, 0],
						"5.0": ["-5+Math.cos(query.life_time * 180) *3", 10, 0]
					},
					"position": {
						"0.0": [0, 0, 0],
						"3.12": [0, 0, 0],
						"3.36": [0, -6, -15],
						"3.56": [0, -6, -15],
						"4.68": [0, -6, -15],
						"5.0": [0, 0, 0]
					}
				},
				"leftleg2": {
					"rotation": {
						"0.0": [55, 0, 0],
						"3.12": [42.12, 0, 0],
						"3.36": [115, 0, 0],
						"3.56": [55, 0, 0],
						"4.68": [55, 0, 0],
						"4.84": [95.13, 0, 0],
						"5.0": ["5+Math.cos(query.life_time * 180) *-6", 0, 0]
					}
				},
				"left_feet": {
					"rotation": {
						"0.0": [-10, 0, 0],
						"3.36": [-5, 0, 0],
						"3.56": [0, 0, 0],
						"4.68": [0, 0, 0],
						"5.0": ["0+Math.cos(query.life_time * 180) *3", 0, 0]
					}
				},
				"slam": {
					"position": {
						"0.0": [0, -900, 0],
						"3.12": [0, 0, 0],
						"5.0": [0, 0, 0]
					},
					"scale": {
						"0.0": [0, 0, 0],
						"3.12": [2, 1, 2],
						"5.0": [2, 1, 2]
					}
				},
				"warn": {
					"scale": {
						"0.0": [1, 1, 1],
						"5.0": [35, 35, 35]
					}
				}
			}
		},
		"animation.siren_head_bd.running": {
			"loop": true,
			"animation_length": 0.9667,
			"anim_time_update": "query.modified_distance_moved * 0.05",
			"bones": {
				"body": {
					"rotation": {
						"0.0": [10, 0, 0],
						"0.24": [15, 0, 0],
						"0.48": [10, 0, 0],
						"0.72": [15, 0, 0],
						"0.96": [10, 0, 0]
					},
					"position": {
						"0.0": [0, -5, 0],
						"0.24": [0, 0, 0],
						"0.48": [0, -5, 0],
						"0.72": [0, 0, 0],
						"0.96": [0, -5, 0]
					}
				},
				"body2": {
					"rotation": {
						"0.0": [25, -5, 0],
						"0.24": [25, 0, 0],
						"0.48": [25, 5, 0],
						"0.72": [25, 5, 0],
						"0.96": [25, -5, 0]
					}
				},
				"body3": {
					"rotation": {
						"0.0": [10, -10, 0],
						"0.24": [20, 0, 0],
						"0.48": [15, 10, 0],
						"0.72": [30, 0, 0],
						"0.96": [10, -10, 0]
					}
				},
				"rightarm": {
					"rotation": {
						"0.0": [-25, 0, -15],
						"0.24": [-25, 0, -20],
						"0.48": [-45, 0, -30],
						"0.72": [-20, 0, -20],
						"0.96": [-25, 0, -15]
					}
				},
				"rightarm2": {
					"rotation": {
						"0.0": [-15, 0, 0],
						"0.24": [-25, 0, 0],
						"0.48": [-40, 0, 0],
						"0.72": [-20, 0, 0],
						"0.96": [-15, 0, 0]
					}
				},
				"head": {
					"rotation": {
						"0.0": [-25, 15, 0],
						"0.24": [-40.14, 0.1, 0],
						"0.48": [-45, -15, 0],
						"0.72": [-50.07, -0.1, 0],
						"0.96": [-25, 15, 0]
					}
				},
				"leftarm": {
					"rotation": {
						"0.0": [-35, 0, 35],
						"0.24": [-15, 0, 15],
						"0.48": [-35, 0, 15],
						"0.72": [-25, 0, 20],
						"0.96": [-35, 0, 35]
					}
				},
				"leftarm2": {
					"rotation": {
						"0.0": [-15, 0, 0],
						"0.24": [-25, 0, 0],
						"0.48": [-35, 0, 0],
						"0.72": [-25, 0, 0],
						"0.96": [-15, 0, 0]
					}
				},
				"bone15": {
					"rotation": {
						"0.0": [0, -5, 0],
						"0.96": [0, -5, 0]
					}
				},
				"rightleg": {
					"rotation": {
						"0.0": [-45, 10, 0],
						"0.24": [-10, 0, 0],
						"0.48": [45, 0, 0],
						"0.72": [-35, 0, 0],
						"0.96": [-45, 10, 0]
					},
					"position": {
						"0.0": [0, -5, 0],
						"0.24": [0, 0, 0],
						"0.48": [0, -5, 0],
						"0.72": [0, 0, 0],
						"0.96": [0, -5, 0]
					}
				},
				"rightleg3": {
					"rotation": {
						"0.0": [30, 0, 0],
						"0.24": [15, 0, 0],
						"0.48": [40, 0, 0],
						"0.72": [115, 0, 0],
						"0.96": [30, 0, 0]
					}
				},
				"right_feet": {
					"rotation": {
						"0.0": [15, 0, 0],
						"0.24": [-5, 0, 0],
						"0.48": [30, 0, 0],
						"0.72": [10, 0, 0],
						"0.96": [15, 0, 0]
					}
				},
				"leftleg": {
					"rotation": {
						"0.0": [30, 0, 0],
						"0.24": [-35, 0, 0],
						"0.48": [-50, -5, 0],
						"0.72": [-10, 0, 0],
						"0.96": [30, 0, 0]
					},
					"position": {
						"0.0": [0, -5, 0],
						"0.24": [0, 0, 0],
						"0.48": [0, -5, 0],
						"0.72": [0, 0, 0],
						"0.96": [0, -5, 0]
					}
				},
				"leftleg2": {
					"rotation": {
						"0.0": [30, 0, 0],
						"0.24": [115, 0, 0],
						"0.48": [25, 0, 0],
						"0.72": [40, 0, 0],
						"0.96": [30, 0, 0]
					}
				},
				"left_feet": {
					"rotation": {
						"0.0": [30, 0, 0],
						"0.24": [10, 0, 0],
						"0.48": [10, 0, 0],
						"0.72": [-5, 0, 0],
						"0.96": [30, 0, 0]
					}
				},
				"teeth2": {
					"scale": {
						"0.0": [1, 0.3, 1],
						"0.24": [1, 0.8, 1],
						"0.72": [1, 0.2, 1],
						"0.96": [1, 0.3, 1]
					}
				},
				"teeth": {
					"scale": {
						"0.0": [1, 0.3, 1],
						"0.24": [1, 0.8, 1],
						"0.72": [1, 0.4, 1],
						"0.96": [1, 0.3, 1]
					}
				},
				"teeth4": {
					"scale": {
						"0.0": [1, 0.3, 1],
						"0.24": [1, 0.8, 1],
						"0.72": [1, 0.4, 1],
						"0.96": [1, 0.3, 1]
					}
				},
				"teeth3": {
					"scale": {
						"0.0": [1, 0.3, 1],
						"0.24": [1, 0.8, 1],
						"0.96": [1, 0.3, 1]
					}
				},
				"siren1": {
					"rotation": {
						"0.0": [0, 0, 0],
						"0.96": [0, 0, 0]
					}
				},
				"slam": {
					"position": [0, 0, 0],
					"scale": [2, 1, 2]
				}
			}
		},
		"animation.siren_head_bd.crawling": {
			"loop": true,
			"animation_length": 0.96,
			"anim_time_update": "query.modified_distance_moved * 0.15",
			"bones": {
				"body": {
					"rotation": {
						"0.0": [0, 0, -5],
						"0.24": [0, 0, 0],
						"0.48": [0, 0, 5],
						"0.72": [0, 0, 0],
						"0.96": [0, 0, -5]
					},
					"position": {
						"0.0": [0, 0, 4],
						"0.24": [0, 0, 0],
						"0.48": [0, 0, 2],
						"0.72": [0, 0, 0],
						"0.96": [0, 0, 4]
					}
				},
				"body2": {
					"rotation": {
						"0.0": [-30, -5, 0],
						"0.24": [-30, 0, 0],
						"0.48": [-30, 5, 0],
						"0.72": [-30, 0, 0],
						"0.96": [-30, -5, 0]
					}
				},
				"body3": {
					"rotation": {
						"0.0": [25, 0, -10],
						"0.24": [25, 0, 0],
						"0.48": [25, 0, 5],
						"0.72": [25, 0, 0],
						"0.96": [25, 0, -10]
					}
				},
				"rightarm": {
					"rotation": {
						"0.0": [-135, -25, 0],
						"0.24": [-50, -20, 0],
						"0.48": [-50, -25, 0],
						"0.72": [-55, -20, -25],
						"0.96": [-135, -25, 0]
					}
				},
				"rightarm2": {
					"rotation": {
						"0.0": [-35, 0, 30],
						"0.24": [-120, 25, 25],
						"0.48": [-125, 25, 5],
						"0.72": [-150, 0, 30],
						"0.96": [-35, 0, 30]
					}
				},
				"head": {
					"rotation": {
						"0.0": [-65, 20, 0],
						"0.24": [-65, 0, 0],
						"0.48": [-65, -10, 0],
						"0.72": [-65, 0, 0],
						"0.96": [-65, 20, 0]
					}
				},
				"leftarm": {
					"rotation": {
						"0.0": [-50, 20, 30],
						"0.24": [-70, 35, 30],
						"0.48": [-125, 20, -15],
						"0.72": [-25, 20, 25],
						"0.96": [-50, 20, 30]
					}
				},
				"leftarm2": {
					"rotation": {
						"0.0": [-120, -20, -25],
						"0.24": [-150, 15, -25],
						"0.48": [-50, -20, -25],
						"0.72": [-150, -20, -25],
						"0.96": [-120, -20, -25]
					}
				},
				"rightleg": {
					"rotation": {
						"0.0": [-60, -35, 15],
						"0.24": [-130, -35, 15],
						"0.48": [-135, -25, 15],
						"0.72": [-85, -35, 15],
						"0.96": [-60, -35, 15]
					},
					"position": {
						"0.0": [0, 0, 4],
						"0.24": [0, 0, 1],
						"0.48": [0, 0, 3],
						"0.72": [0, 0, 1],
						"0.96": [0, 0, 4]
					}
				},
				"rightleg3": {
					"rotation": {
						"0.0": [40, 0, 0],
						"0.24": [115, 0, 0],
						"0.48": [115, 0, 0],
						"0.72": [85, 0, 0],
						"0.96": [40, 0, 0]
					}
				},
				"leftleg": {
					"rotation": {
						"0.0": [-145, 30, -20],
						"0.24": [-85, 30, -20],
						"0.48": [-45, 30, 5],
						"0.72": [-160, 15, -20],
						"0.96": [-145, 30, -20]
					},
					"position": {
						"0.0": [0, 0, 4],
						"0.24": [0, 0, 1],
						"0.48": [0, 0, 3],
						"0.72": [0, 0, 1],
						"0.96": [0, 0, 4]
					}
				},
				"leftleg2": {
					"rotation": {
						"0.0": [115, 0, 0],
						"0.24": [80, 0, 0],
						"0.48": [35, 0, 0],
						"0.72": [130, 0, 0],
						"0.96": [115, 0, 0]
					}
				},
				"teeth2": {
					"scale": {
						"0.0": [1, 1, 1],
						"0.44": [1, 0.4, 1],
						"0.96": [1, 1, 1]
					}
				},
				"teeth": {
					"scale": {
						"0.0": [1, 1, 1],
						"0.44": [1, 0.4, 1],
						"0.96": [1, 1, 1]
					}
				},
				"teeth4": {
					"scale": {
						"0.0": [1, 1, 1],
						"0.44": [1, 0.4, 1],
						"0.96": [1, 1, 1]
					}
				},
				"teeth3": {
					"scale": {
						"0.0": [1, 1, 1],
						"0.44": [1, 0.4, 1],
						"0.96": [1, 1, 1]
					}
				},
				"all": {
					"rotation": [90, 0, 0],
					"position": [0, 22, 61]
				},
				"righthand9": {
					"rotation": [0, 5, 0]
				},
				"slam": {
					"position": [0, 0, 0],
					"scale": [2, 1, 2]
				},
				"bone50": {
					"rotation": [0, 0, 7.5]
				}
			}
		},
		"animation.siren_head_bd.picking2": {
			"loop": true,
			"animation_length": 5,
			"bones": {
				"body": {
					"rotation": {
						"0.0": [15, 0, 0],
						"2.0": [-5, 0, 0],
						"4.16": [-5, 0, 0],
						"4.68": ["0+Math.cos(query.life_time * 180) *-3", 0, 0]
					}
				},
				"body2": {
					"rotation": {
						"0.0": [20, 0, 0],
						"2.0": [-5, 0, 0],
						"4.16": [-5, 0, 0],
						"4.68": ["0+Math.cos(query.life_time * 180) *3", 0, 0]
					}
				},
				"body3": {
					"rotation": {
						"0.0": [25, 0, 0],
						"2.0": [25, 0, 0],
						"4.16": [25, 0, 0],
						"4.68": ["0+Math.cos(query.life_time * 180) *-3", 0, 0]
					}
				},
				"rightarm": {
					"rotation": {
						"0.0": [-60, "5+query.target_y_rotation - this", 0],
						"2.0": [-72.5, "0+query.target_y_rotation - this", 0],
						"3.64": [-65, 0, 0],
						"4.16": [-50, 0, 0],
						"4.68": [0, 0, "0+Math.cos(query.life_time * 180) *2"]
					}
				},
				"rightarm2": {
					"rotation": {
						"0.0": [-40, 0, 0],
						"2.0": [-42.5, 15, 5],
						"3.64": [-40, 15, 5],
						"4.16": [-90, 15, 0],
						"4.68": [-20, 0, 0]
					},
					"scale": {
						"0.0": [1, 1.2, 1],
						"2.0": [1, 1.2, 1]
					}
				},
				"righthand": {
					"rotation": {
						"0.0": [20, -80, 0],
						"2.0": [9.32, -85.81, 35],
						"3.16": [1.08, -88.67, 35],
						"4.16": [-5.49, -90.6, 12.08],
						"4.68": ["Math.cos(query.anim_time * 40 + 40) *10.0", 0, 0]
					}
				},
				"righthand2": {
					"rotation": ["Math.cos(query.anim_time * 10 + 10) *10.0", 0, 0]
				},
				"righthand7": {
					"rotation": {
						"0.0": ["Math.cos(query.anim_time * 40 + 40) *10.0", 0, 0],
						"2.0": ["40+Math.cos(query.anim_time * 40 + 40) *10.0", 0, 0]
					}
				},
				"righthand3": {
					"rotation": ["Math.cos(query.anim_time * 40 + 40) *10.0", 0, 0]
				},
				"righthand8": {
					"rotation": {
						"0.0": ["Math.cos(query.anim_time * 40 + 40) *10.0", 0, 0],
						"2.0": ["45+Math.cos(query.anim_time * 40 + 40) *10.0", 0, 0]
					}
				},
				"righthand4": {
					"rotation": ["Math.cos(query.anim_time * 40 + 40) *10.0", 0, 0]
				},
				"righthand9": {
					"rotation": {
						"0.0": ["Math.cos(query.anim_time * 40 + 40) *10.0", 0, 0],
						"2.0": ["45+Math.cos(query.anim_time * 40 + 40) *10.0", 0, 0]
					}
				},
				"righthand5": {
					"rotation": ["Math.cos(query.anim_time * 40 + 40) *10.0", 0, 0]
				},
				"righthand10": {
					"rotation": {
						"0.0": ["Math.cos(query.anim_time * 40 + 40) *10.0", 0, 0],
						"2.0": ["55+Math.cos(query.anim_time * 40 + 40) *10.0", 0, 0]
					}
				},
				"righthand6": {
					"rotation": ["Math.cos(query.anim_time * 40 + 40) *10.0", 0, 0]
				},
				"righthand11": {
					"rotation": {
						"0.0": ["Math.cos(query.anim_time * 40 + 40) *10.0", 0, 0],
						"2.0": ["45+Math.cos(query.anim_time * 40 + 40) *10.0", 0, 0]
					}
				},
				"head": {
					"rotation": ["query.target_x_rotation - this", "0+query.target_y_rotation - this", 0]
				},
				"siren1": {
					"rotation": ["Math.sin(query.life_time * 180.0) * 3", 25, 0],
					"position": [0, "Math.sin(query.life_time * 180.0) * 0.1", 0]
				},
				"teeth2": {
					"scale": [1, "1+Math.cos(query.life_time * 180) *0.2", 1]
				},
				"teeth": {
					"scale": [1, "1+Math.cos(query.life_time * 180) *0.2", 1]
				},
				"siren2": {
					"rotation": ["Math.sin(query.life_time * 180.0) * 3", -25, 0],
					"position": [0, "Math.sin(query.life_time * 180.0) * 0.1", 0]
				},
				"teeth4": {
					"scale": [1, "1+Math.cos(query.life_time * 180) *-0.2", 1]
				},
				"teeth3": {
					"scale": [1, "1+Math.cos(query.life_time * 180) *-0.2", 1]
				},
				"leftarm": {
					"rotation": {
						"0.0": [-25, "0+query.target_y_rotation - this", 0],
						"2.0": [-10, 5, 5],
						"3.64": [4.72, 1.22, 1.22],
						"4.16": [-50, 0, 0],
						"4.68": [0, 0, "0+Math.cos(query.life_time * 180) *-2"]
					}
				},
				"leftarm2": {
					"rotation": {
						"0.0": [-40, 0, 0],
						"2.0": [-15, -5, -10],
						"3.64": [-25, -10, -10],
						"4.16": [-90, -15, 0],
						"4.68": [-15, 0, 0]
					},
					"scale": {
						"0.0": [1, 1.2, 1],
						"2.0": [1, 1.2, 1]
					}
				},
				"lefthand": {
					"rotation": {
						"0.0": [30, 65, 0],
						"2.0": [15.04, 82.22, -20],
						"3.16": [4.32, 86.63, -40],
						"4.16": [-4.38, 89.89, -13.8],
						"4.68": ["Math.cos(query.anim_time * 40 + 40) *10.0", 0, 0]
					}
				},
				"lefthand2": {
					"rotation": ["Math.cos(query.anim_time * 40 + 40) *10.0", 0, 0]
				},
				"lefthand11": {
					"rotation": ["Math.cos(query.anim_time * 40 + 40) *10.0", 0, 0]
				},
				"lefthand3": {
					"rotation": ["Math.cos(query.anim_time * 40 + 40) *10.0", 0, 0]
				},
				"lefthand10": {
					"rotation": ["Math.cos(query.anim_time * 40 + 40) *10.0", 0, 0]
				},
				"lefthand4": {
					"rotation": ["Math.cos(query.anim_time * 40 + 40) *10.0", 0, 0]
				},
				"lefthand9": {
					"rotation": ["Math.cos(query.anim_time * 40 + 40) *10.0", 0, 0]
				},
				"lefthand5": {
					"rotation": ["Math.cos(query.anim_time * 40 + 40) *10.0", 0, 0]
				},
				"lefthand8": {
					"rotation": ["Math.cos(query.anim_time * 40 + 40) *10.0", 0, 0]
				},
				"lefthand6": {
					"rotation": ["Math.cos(query.anim_time * 40 + 40) *10.0", 0, 0]
				},
				"lefthand7": {
					"rotation": ["Math.cos(query.anim_time * 40 + 40) *10.0", 0, 0]
				},
				"rightleg": {
					"rotation": ["-5+Math.cos(query.life_time * 180) *3", -10, 0]
				},
				"rightleg3": {
					"rotation": ["5+Math.cos(query.life_time * 180) *-6", 0, 0]
				},
				"right_feet": {
					"rotation": ["0+Math.cos(query.life_time * 180) *3", 0, 0]
				},
				"leftleg": {
					"rotation": ["-5+Math.cos(query.life_time * 180) *3", 10, 0]
				},
				"leftleg2": {
					"rotation": ["5+Math.cos(query.life_time * 180) *-6", 0, 0]
				},
				"left_feet": {
					"rotation": ["0+Math.cos(query.life_time * 180) *3", 0, 0]
				}
			}
		},
		"animation.siren_head_bd.climbing": {
			"loop": true,
			"bones": {
				"rightarm": {
					"rotation": [0, -85, "-130+Math.cos(query.anim_time * 180 + 180) *-50.0"]
				},
				"rightarm2": {
					"rotation": ["-65+Math.cos(query.anim_time * 180 + 180) *50.0", 0, 0]
				},
				"righthand": {
					"rotation": [0, -85, 0]
				},
				"leftarm": {
					"rotation": [-75, 90, "35+Math.cos(query.anim_time * 180 + 180) *-50.0"]
				},
				"leftarm2": {
					"rotation": ["-65+Math.cos(query.anim_time * 180 + 180) *-50.0", 0, 0]
				},
				"lefthand": {
					"rotation": [0, 80, 0]
				},
				"rightleg": {
					"rotation": [0, 5, "0+Math.cos(query.anim_time * 180 + 180) *5.0"],
					"position": [0, 0, -4]
				},
				"rightleg3": {
					"rotation": ["5+Math.cos(query.anim_time * 180 + 180) *5.0", 0, 0]
				},
				"leftleg": {
					"rotation": [0, 0, "0+Math.cos(query.anim_time * 180 + 180) *5.0"],
					"position": [0, 0, -4]
				},
				"body": {
					"rotation": [0, 0, "0+Math.cos(query.anim_time * 180 + 180) *5.0"],
					"position": [0, 0, -4]
				},
				"body2": {
					"rotation": [10, 0, "0+Math.cos(query.anim_time * 180 + 180) *-5.0"]
				},
				"body3": {
					"rotation": [-15, 0, "0+Math.cos(query.anim_time * 180 + 180) *-10.0"]
				},
				"head": {
					"rotation": [-55, 0, 0]
				},
				"leftleg2": {
					"rotation": ["10+Math.cos(query.anim_time * 180 + 180) *5.0", 0, 0]
				}
			}
		},
		"animation.siren_head_bd.stunned": {
			"loop": true,
			"bones": {
				"body": {
					"rotation": ["20+Math.sin(query.life_time * 180.0) * 3", 0, "15+Math.sin(query.life_time * 180.0) * 3"],
					"position": [0, "-1+Math.sin(query.life_time * 180.0) * 3", 0]
				},
				"body2": {
					"rotation": ["15+Math.sin(query.life_time * 180.0) * 10", -20, "-5+Math.sin(query.life_time * 180.0) * 3"]
				},
				"body3": {
					"rotation": ["15+Math.sin(query.life_time * 180.0) * 3", -20, "10+Math.sin(query.life_time * 180.0) * -10"]
				},
				"rightarm": {
					"rotation": ["-40+Math.sin(query.life_time * 180.0) * -10", 5, -15]
				},
				"rightarm2": {
					"rotation": ["-70+Math.sin(query.life_time * 180.0) * 30", 0, "0+Math.sin(query.life_time * 180.0) * 10"]
				},
				"leftarm": {
					"rotation": ["-35+Math.sin(query.life_time * 180.0) * 3", -65, 30]
				},
				"leftarm2": {
					"rotation": [-110, "15+Math.sin(query.life_time * 180.0) * 10", "0+Math.sin(query.life_time * 180.0) * 3"]
				},
				"lefthand": {
					"rotation": [0, 80, -55]
				},
				"rightleg": {
					"rotation": ["-45+Math.sin(query.life_time * 180.0) * 10", -45, 0],
					"position": [0, "0+Math.sin(query.life_time * 180.0) * 3", 0]
				},
				"rightleg3": {
					"rotation": ["45+Math.sin(query.life_time * 180.0) * -20", 0, 0],
					"position": [0, "0+Math.sin(query.life_time * 180.0) * -1", 0]
				},
				"leftleg": {
					"rotation": ["-45+Math.sin(query.life_time * 180.0) * 10", 30, 0],
					"position": [0, "0+Math.sin(query.life_time * 180.0) * 3", 0]
				},
				"leftleg2": {
					"rotation": ["45+Math.sin(query.life_time * 180.0) * -20", 0, 0],
					"position": [0, "0+Math.sin(query.life_time * 180.0) * -1", 0]
				},
				"all": {
					"position": [0, -5, 13]
				},
				"right_feet": {
					"rotation": ["0+Math.sin(query.life_time * 180.0) * 10", 0, 0]
				},
				"left_feet": {
					"rotation": ["0+Math.sin(query.life_time * 180.0) * 10", 0, 0]
				},
				"righthand": {
					"rotation": [75, 0, 0]
				},
				"head": {
					"rotation": [35, 0, 0]
				}
			}
		},
		"animation.siren_head_bd.new": {
			"loop": true,
			"bones": {
				"all": {
					"position": [0, -1, 0]
				},
				"rightleg": {
					"rotation": [7.5, -20, -5]
				},
				"rightleg3": {
					"rotation": [0, 0, 0]
				},
				"right_feet": {
					"rotation": [-5, 0, 12.5]
				},
				"leftleg": {
					"rotation": [-30, 12.5, -2.5]
				},
				"leftleg2": {
					"rotation": [32.5, 0, 0]
				},
				"body": {
					"rotation": [70, 0, 0]
				},
				"body2": {
					"rotation": [22.5, 0, 0]
				},
				"body3": {
					"rotation": [32.5, 0, 0]
				},
				"rightarm": {
					"rotation": [-120, -17.5, 12.5]
				},
				"rightarm2": {
					"rotation": [-100, 0, 0]
				},
				"head": {
					"rotation": [-82.5, 0, 0]
				},
				"siren1": {
					"rotation": [0, 50, 0]
				},
				"teeth2": {
					"scale": [1, 0.6, 1]
				},
				"teeth": {
					"scale": [1, 0.6, 1]
				},
				"siren2": {
					"rotation": [0, -67.5, 0]
				},
				"teeth4": {
					"scale": [1, 0.6, 1]
				},
				"teeth3": {
					"scale": [1, 0.6, 1]
				},
				"leftarm": {
					"rotation": [-122.5, 20, 2.5]
				},
				"leftarm2": {
					"rotation": [-95, 0, 0]
				},
				"lefthand": {
					"rotation": [0, 10, 0]
				}
			}
		},
		"animation.siren_head_bd.sound_wave": {
			"loop": true,
			"bones": {
				"all": {
					"position": [0, "-2.4+Math.cos(query.life_time * 360.0) * -0.5", 0]
				},
				"rightleg": {
					"rotation": ["-30+Math.cos(query.life_time * 360.0) * -3", -25, -2.5]
				},
				"rightleg3": {
					"rotation": ["32.5+Math.cos(query.life_time * 360.0) * 6", 0, 0]
				},
				"right_feet": {
					"rotation": ["0+Math.cos(query.life_time * 360.0) * -3", 0, 0]
				},
				"leftleg": {
					"rotation": ["-2.5+Math.cos(query.life_time * 360.0) * -3", 20, 5]
				},
				"leftleg2": {
					"rotation": ["27.5+Math.cos(query.life_time * 360.0) * 6", 0, 0]
				},
				"left_feet": {
					"rotation": ["-25+Math.cos(query.life_time * 360.0) * -3", 0, 0]
				},
				"body": {
					"rotation": ["16+Math.cos(query.life_time * 180.0) * 3", 0, "0+Math.sin(query.life_time * 90.0) * 3"]
				},
				"body2": {
					"rotation": ["11.6188+Math.cos(query.life_time * 180.0) * 3", 0, 0]
				},
				"body3": {
					"rotation": ["4.3607+Math.cos(query.life_time * 360.0) * 3", 0, 0]
				},
				"rightarm": {
					"rotation": ["-27.5+Math.cos(query.life_time * 180.0) * -40", 0, "-25+Math.cos(query.life_time * 90.0) * 5"]
				},
				"rightarm2": {
					"rotation": ["-27.5+Math.cos(query.life_time * 180.0) * -20", 0, 0]
				},
				"righthand": {
					"rotation": ["-7.5+Math.cos(query.life_time * 180.0) * -20", 0, 0]
				},
				"head": {
					"rotation": ["0+Math.sin(query.life_time * 360.0) * 20", 0, "0+Math.cos(query.life_time * 180.0) * -3"]
				},
				"siren1": {
					"rotation": [0, 42.5, 0]
				},
				"teeth2": {
					"scale": [1, "0.5+Math.cos(query.life_time * 180) *0.2", 1]
				},
				"teeth": {
					"scale": [1, "0.5+Math.cos(query.life_time * 180) *0.2", 1]
				},
				"siren2": {
					"rotation": [0, -55, 0]
				},
				"teeth4": {
					"scale": [1, "0.5+Math.cos(query.life_time * 180) *-0.2", 1]
				},
				"teeth3": {
					"scale": [1, "0.5+Math.cos(query.life_time * 180) *-0.2", 1]
				},
				"leftarm": {
					"rotation": ["5+Math.cos(query.life_time * 180.0) * -20", 0, "20+Math.cos(query.life_time * 90.0) * -5"]
				},
				"leftarm2": {
					"rotation": ["-57.5+Math.cos(query.life_time * 180.0) * 20", 0, 0]
				},
				"lefthand": {
					"rotation": ["35+Math.cos(query.life_time * 180.0) * -50", 0, 0]
				}
			}
		},
		"animation.siren_head_bd.throw": {
			"animation_length": 1.36,
			"bones": {
				"all": {
					"position": {
						"0.0": [0, -1, 0],
						"0.52": [0, -2.43, -1],
						"0.76": [0, -2.8, -17],
						"0.92": [0, -2.8, -17],
						"1.36": [0, 0, 0]
					}
				},
				"rightleg": {
					"rotation": {
						"0.0": [-18.20728, 0, 0],
						"0.52": [-26.94, -4.81, 0],
						"0.92": [4.16, -8.52, 0],
						"1.36": ["-5+Math.cos(query.life_time * 180) *3", -10, 0]
					}
				},
				"rightleg3": {
					"rotation": {
						"0.0": [10.10157, 0, 0],
						"0.76": [44.59, 0, 0],
						"0.92": [22.7, 0, 0],
						"1.36": ["5+Math.cos(query.life_time * 180) *-6", 0, 0]
					}
				},
				"right_feet": {
					"rotation": {
						"0.0": [10, 0, 0],
						"0.76": [-21.08, 0, 0],
						"0.92": [-29.49, 0, 0],
						"1.36": ["0+Math.cos(query.life_time * 180) *3", 0, 0]
					}
				},
				"leftleg": {
					"rotation": {
						"0.0": [-3.09755, 0, 0],
						"0.44": [-6.14, 4.07, 0],
						"0.6": [-30.77, 5.56, 0],
						"0.76": [-32.91, 7.04, 0],
						"0.92": [-32.91, 8.52, 0],
						"1.12": [-28.99, 9.19, 0],
						"1.36": ["-5+Math.cos(query.life_time * 180) *3", 10, 0]
					}
				},
				"leftleg2": {
					"rotation": {
						"0.0": [34.21932, 0, 0],
						"0.44": [35.4, 0, 0],
						"0.6": [116.74, 0, 0],
						"0.76": [34.24, 0, 0],
						"0.92": [32.53, 0, 0],
						"1.12": [80.05, 0, 0],
						"1.36": ["5+Math.cos(query.life_time * 180) *-6", 0, 0]
					}
				},
				"left_feet": {
					"rotation": {
						"0.0": ["-12.5+Math.cos(query.life_time * 180) *3", 0, 0],
						"0.52": [-24.17, 0, 0],
						"0.6": [26.65, 0, 0],
						"0.76": [-0.46, 0, 0],
						"1.36": ["0+Math.cos(query.life_time * 180) *3", 0, 0]
					}
				},
				"slam": {
					"position": [0, 0, 0],
					"scale": [2, 1, 2]
				},
				"body": {
					"rotation": {
						"0.0": [16.37301, 0, 0],
						"0.44": [9.90702, 0, 0],
						"0.56": [2.97, 0, 0],
						"0.72": [-4.60758, 0, 0],
						"0.92": [-17.11, 0, -5],
						"1.36": ["0+Math.cos(query.life_time * 180) *-3", 0, 0]
					}
				},
				"body2": {
					"rotation": {
						"0.0": [5.0049, 0, 0],
						"0.44": [25.02338, 0, 0],
						"0.56": [48.58, 0, 0],
						"0.72": [-24.99992, 0, 0],
						"0.92": [-20, 0, 0],
						"1.36": ["0+Math.cos(query.life_time * 180) *3", "0+query.target_y_rotation - this", 0]
					}
				},
				"body3": {
					"rotation": {
						"0.0": [14.21788, 0, 0],
						"0.44": [38.54221, 0, 0],
						"0.56": [20.61, 0, 0],
						"0.72": [-15.79003, 0, 0],
						"0.92": [-10.79, 0, 10],
						"1.36": ["0+Math.cos(query.life_time * 180) *-3 +query.target_x_rotation - this", "0+query.target_y_rotation - this", 0]
					}
				},
				"rightarm": {
					"rotation": {
						"0.0": [-15, 0, -5],
						"0.44": [-8.89, 0, -2.81],
						"0.56": [-49.72, 0, -2.35],
						"0.72": [-114.42, 0, -2.02],
						"0.92": [-95.85, 0, -1.97],
						"1.36": ["-query.target_x_rotation - this", 0, "0+Math.cos(query.life_time * 180) *2"]
					}
				},
				"rightarm2": {
					"rotation": {
						"0.0": [-30, 0, 0],
						"0.28": [-18.32, -3.18, 0],
						"0.44": [-48.43, -5, 0],
						"0.72": [-100.17, -1.11, 0],
						"0.8": [-31.03, 0, 0],
						"0.92": [-28.8, 0, 0],
						"1.36": [-20, 0, 0]
					}
				},
				"righthand": {
					"rotation": {
						"0.0": [0, -95, 0],
						"1.36": ["Math.cos(query.anim_time * 40 + 40) *10.0", 0, 0]
					}
				},
				"righthand2": {
					"rotation": ["Math.cos(query.anim_time * 10 + 10) *10.0", 0, 0]
				},
				"righthand7": {
					"rotation": ["Math.cos(query.anim_time * 40 + 40) *10.0", 0, 0]
				},
				"righthand3": {
					"rotation": ["Math.cos(query.anim_time * 40 + 40) *10.0", 0, 0]
				},
				"righthand8": {
					"rotation": ["Math.cos(query.anim_time * 40 + 40) *10.0", 0, 0]
				},
				"righthand4": {
					"rotation": ["Math.cos(query.anim_time * 40 + 40) *10.0", 0, 0]
				},
				"righthand9": {
					"rotation": ["Math.cos(query.anim_time * 40 + 40) *10.0", 0, 0]
				},
				"righthand5": {
					"rotation": ["Math.cos(query.anim_time * 40 + 40) *10.0", 0, 0]
				},
				"righthand10": {
					"rotation": ["Math.cos(query.anim_time * 40 + 40) *10.0", 0, 0]
				},
				"righthand6": {
					"rotation": ["Math.cos(query.anim_time * 40 + 40) *10.0", 0, 0]
				},
				"righthand11": {
					"rotation": ["Math.cos(query.anim_time * 40 + 40) *10.0", 0, 0]
				},
				"head": {
					"rotation": {
						"0.0": [0, 0, 0],
						"0.24": [26.25, 0, 0],
						"0.48": [-52.5, 0, 0],
						"0.72": [23.5, 0, 0],
						"0.92": [35.44, 0, 0],
						"1.36": ["query.target_x_rotation - this", "0+query.target_y_rotation - this", 0]
					}
				},
				"siren1": {
					"rotation": ["Math.sin(query.life_time * 180.0) * 3", 25, 0],
					"position": [0, "Math.sin(query.life_time * 180.0) * 0.1", 0]
				},
				"teeth2": {
					"scale": [1, "1+Math.cos(query.life_time * 180) *0.2", 1]
				},
				"teeth": {
					"scale": [1, "1+Math.cos(query.life_time * 180) *0.2", 1]
				},
				"siren2": {
					"rotation": ["Math.sin(query.life_time * 180.0) * 3", -25, 0],
					"position": [0, "Math.sin(query.life_time * 180.0) * 0.1", 0]
				},
				"teeth4": {
					"scale": [1, "1+Math.cos(query.life_time * 180) *-0.2", 1]
				},
				"teeth3": {
					"scale": [1, "1+Math.cos(query.life_time * 180) *-0.2", 1]
				},
				"leftarm": {
					"rotation": {
						"0.0": [-9.41292, 1.05747, 3.96839],
						"0.28": [5.13, 1.06, 3.97],
						"0.44": [-6.91, 1.06, 3.97],
						"0.72": [-106.91, 1.06, 3.97],
						"0.92": [-87.52, 0.47, 2.84],
						"1.36": ["-query.target_x_rotation - this", 0, "0+Math.cos(query.life_time * 180) *-2"]
					}
				},
				"leftarm2": {
					"rotation": {
						"0.0": [-92.97943, -8.47, -0.0367],
						"0.28": [-35.48, -8.47, -0.04],
						"0.44": [-47.98, -8.47, -0.04],
						"0.72": [-102.98, -8.47, -0.04],
						"0.92": [-24.1, -3.76, -0.02],
						"1.36": [-15, 0, 0]
					}
				},
				"lefthand": {
					"rotation": {
						"0.0": [0, 90, 0],
						"1.36": ["Math.cos(query.anim_time * 40 + 40) *10.0", 0, 0]
					}
				},
				"lefthand2": {
					"rotation": ["Math.cos(query.anim_time * 40 + 40) *10.0", 0, 0]
				},
				"lefthand11": {
					"rotation": ["Math.cos(query.anim_time * 40 + 40) *10.0", 0, 0]
				},
				"lefthand3": {
					"rotation": ["Math.cos(query.anim_time * 40 + 40) *10.0", 0, 0]
				},
				"lefthand10": {
					"rotation": ["Math.cos(query.anim_time * 40 + 40) *10.0", 0, 0]
				},
				"lefthand4": {
					"rotation": ["Math.cos(query.anim_time * 40 + 40) *10.0", 0, 0]
				},
				"lefthand9": {
					"rotation": ["Math.cos(query.anim_time * 40 + 40) *10.0", 0, 0]
				},
				"lefthand5": {
					"rotation": ["Math.cos(query.anim_time * 40 + 40) *10.0", 0, 0]
				},
				"lefthand8": {
					"rotation": ["Math.cos(query.anim_time * 40 + 40) *10.0", 0, 0]
				},
				"lefthand6": {
					"rotation": ["Math.cos(query.anim_time * 40 + 40) *10.0", 0, 0]
				},
				"lefthand7": {
					"rotation": ["Math.cos(query.anim_time * 40 + 40) *10.0", 0, 0]
				}
			}
		},
		"animation.siren_head_bd.running2": {
			"loop": true,
			"animation_length": 0.9667,
			"anim_time_update": "query.modified_distance_moved * 0.05",
			"bones": {
				"body": {
					"rotation": {
						"0.0": [10, 0, 0],
						"0.24": [15, 0, 0],
						"0.48": [10, 0, 0],
						"0.72": [15, 0, 0],
						"0.96": [10, 0, 0]
					},
					"position": {
						"0.0": [0, -5, 0],
						"0.24": [0, 0, 0],
						"0.48": [0, -5, 0],
						"0.72": [0, 0, 0],
						"0.96": [0, -5, 0]
					}
				},
				"body2": {
					"rotation": {
						"0.0": [25, -5, 0],
						"0.24": [25, 0, 0],
						"0.48": [25, 5, 0],
						"0.72": [25, 5, 0],
						"0.96": [25, -5, 0]
					}
				},
				"body3": {
					"rotation": {
						"0.0": [10, -10, 0],
						"0.24": [20, 0, 0],
						"0.48": [15, 10, 0],
						"0.72": [30, 0, 0],
						"0.96": [10, -10, 0]
					}
				},
				"rightarm": {
					"rotation": {
						"0.0": [-25, 0, -15],
						"0.24": [-25, 0, -20],
						"0.48": [-45, 0, -30],
						"0.72": [-20, 0, -20],
						"0.96": [-25, 0, -15]
					}
				},
				"rightarm2": {
					"rotation": {
						"0.0": [-15, 0, 0],
						"0.24": [-25, 0, 0],
						"0.48": [-40, 0, 0],
						"0.72": [-20, 0, 0],
						"0.96": [-15, 0, 0]
					}
				},
				"head": {
					"rotation": {
						"0.0": [-25, 15, 0],
						"0.24": [-40.14, 0.1, 0],
						"0.48": [-45, -15, 0],
						"0.72": [-50.07, -0.1, 0],
						"0.96": [-25, 15, 0]
					}
				},
				"leftarm": {
					"rotation": {
						"0.0": [-35, 0, 35],
						"0.24": [-15, 0, 15],
						"0.48": [-35, 0, 15],
						"0.72": [-25, 0, 20],
						"0.96": [-35, 0, 35]
					}
				},
				"leftarm2": {
					"rotation": {
						"0.0": [-15, 0, 0],
						"0.24": [-25, 0, 0],
						"0.48": [-35, 0, 0],
						"0.72": [-25, 0, 0],
						"0.96": [-15, 0, 0]
					}
				},
				"bone15": {
					"rotation": {
						"0.0": [0, -5, 0],
						"0.96": [0, -5, 0]
					}
				},
				"rightleg": {
					"rotation": {
						"0.0": [-45, 10, 0],
						"0.24": [-10, 0, 0],
						"0.48": [45, 0, 0],
						"0.72": [-35, 0, 0],
						"0.96": [-45, 10, 0]
					},
					"position": {
						"0.0": [0, -5, 0],
						"0.24": [0, 0, 0],
						"0.48": [0, -5, 0],
						"0.72": [0, 0, 0],
						"0.96": [0, -5, 0]
					}
				},
				"rightleg3": {
					"rotation": {
						"0.0": [30, 0, 0],
						"0.24": [15, 0, 0],
						"0.48": [40, 0, 0],
						"0.72": [115, 0, 0],
						"0.96": [30, 0, 0]
					}
				},
				"right_feet": {
					"rotation": {
						"0.0": [15, 0, 0],
						"0.24": [-5, 0, 0],
						"0.48": [30, 0, 0],
						"0.72": [10, 0, 0],
						"0.96": [15, 0, 0]
					}
				},
				"leftleg": {
					"rotation": {
						"0.0": [30, 0, 0],
						"0.24": [-35, 0, 0],
						"0.48": [-50, -5, 0],
						"0.72": [-10, 0, 0],
						"0.96": [30, 0, 0]
					},
					"position": {
						"0.0": [0, -5, 0],
						"0.24": [0, 0, 0],
						"0.48": [0, -5, 0],
						"0.72": [0, 0, 0],
						"0.96": [0, -5, 0]
					}
				},
				"leftleg2": {
					"rotation": {
						"0.0": [30, 0, 0],
						"0.24": [115, 0, 0],
						"0.48": [25, 0, 0],
						"0.72": [40, 0, 0],
						"0.96": [30, 0, 0]
					}
				},
				"left_feet": {
					"rotation": {
						"0.0": [30, 0, 0],
						"0.24": [10, 0, 0],
						"0.48": [10, 0, 0],
						"0.72": [-5, 0, 0],
						"0.96": [30, 0, 0]
					}
				},
				"teeth2": {
					"scale": {
						"0.0": [1, 0.3, 1],
						"0.24": [1, 0.8, 1],
						"0.72": [1, 0.2, 1],
						"0.96": [1, 0.3, 1]
					}
				},
				"teeth": {
					"scale": {
						"0.0": [1, 0.3, 1],
						"0.24": [1, 0.8, 1],
						"0.72": [1, 0.4, 1],
						"0.96": [1, 0.3, 1]
					}
				},
				"teeth4": {
					"scale": {
						"0.0": [1, 0.3, 1],
						"0.24": [1, 0.8, 1],
						"0.72": [1, 0.4, 1],
						"0.96": [1, 0.3, 1]
					}
				},
				"teeth3": {
					"scale": {
						"0.0": [1, 0.3, 1],
						"0.24": [1, 0.8, 1],
						"0.96": [1, 0.3, 1]
					}
				},
				"siren1": {
					"rotation": {
						"0.0": [0, 0, 0],
						"0.96": [0, 0, 0]
					}
				},
				"slam": {
					"position": [0, 0, 0],
					"scale": [2, 1, 2]
				}
			}
		},
		"animation.siren_head_bd.attack3": {
			"animation_length": 0.96,
			"bones": {
				"body": {
					"rotation": {
						"0.0": [0.14449, 0, 0],
						"0.32": [1.96, 0, 0],
						"0.52": [46.99971, 0, -12.5],
						"0.76": [31.36, 0, -5],
						"0.96": [0, 0, 0]
					},
					"position": [0, 0, 0]
				},
				"body2": {
					"rotation": {
						"0.0": [4.94986, 0, 7.5],
						"0.32": [2.67, 0, 17.5],
						"0.52": [0, 0, -7.5],
						"0.76": [-1.19, 0, -8.41],
						"0.96": ["0+Math.cos(query.life_time * 180) *3", 0, 0]
					}
				},
				"body3": {
					"rotation": {
						"0.0": [24.26958, 0, 10],
						"0.32": [26.36, 0, 15],
						"0.52": [24.20981, 0, -7.5],
						"0.76": [12.2, 0, -5.91],
						"0.96": ["0+Math.cos(query.life_time * 180) *-3", 0, 0]
					}
				},
				"rightarm": {
					"rotation": {
						"0.0": [-17.5, 0, -30],
						"0.32": [-3.65, 0, -37.5],
						"0.52": [0, 0, -5],
						"0.76": [2.5, 12.5, -5.57],
						"0.96": [0, 0, "0+Math.cos(query.life_time * 180) *2"]
					}
				},
				"righthand": {
					"rotation": [0, -72.5, 0]
				},
				"leftarm": {
					"rotation": {
						"0.0": [-57.5, 27.5, 7.5],
						"0.32": [-57.31, 22.5, 7.5],
						"0.52": [5, 2.5, 7.5],
						"0.76": [12.5, 0, 24.89],
						"0.96": [0, 0, "0+Math.cos(query.life_time * 180) *-2"]
					}
				},
				"rightleg": {
					"rotation": {
						"0.0": [-2.5, 0, 0],
						"0.52": [-2.5, 0, 0],
						"0.96": ["-5+Math.cos(query.life_time * 180) *3", -10, 0]
					},
					"position": [0, 0, 0]
				},
				"rightleg3": {
					"rotation": {
						"0.0": [7.5, 0, 0],
						"0.32": [14.81, 0, 0],
						"0.52": [47.5, 0, 0],
						"0.76": [44.2, 0, 0],
						"0.96": ["5+Math.cos(query.life_time * 180) *-6", 0, 0]
					}
				},
				"leftleg": {
					"rotation": {
						"0.0": [-92.5, 22.5, 0],
						"0.36": [-122.69, 20, 0],
						"0.52": [-37.5, 0, 0],
						"0.64": [-37.5, 0, 0],
						"0.76": [-37.46, 5, 0],
						"0.96": ["-5+Math.cos(query.life_time * 180) *3", 10, 0]
					},
					"position": [0, 0, 0]
				},
				"leftleg2": {
					"rotation": {
						"0.0": [110, 0, 0],
						"0.32": [122.5, 0, 0],
						"0.52": [35, 0, 0],
						"0.64": [42.5, 0, 0],
						"0.76": [43.68, 0, 0],
						"0.96": ["5+Math.cos(query.life_time * 180) *-6", 0, 0]
					}
				},
				"rightarm2": {
					"rotation": {
						"0.0": [-20, 0, 0],
						"0.32": [-60, 0, 0],
						"0.52": [-77.5, 0, 0],
						"0.76": [-66.14, 0, 0],
						"0.96": [-20, 0, 0]
					}
				},
				"head": {
					"rotation": {
						"0.0": [32.5, 0, 0],
						"0.36": [45.37, 0, 17.5],
						"0.52": [36.04, 0, -20],
						"0.72": [19.66, 0, -20.91],
						"0.84": [9.83, 0, 12.05],
						"0.96": [0, 0, 0]
					}
				},
				"leftarm2": {
					"rotation": {
						"0.0": [-35, 0, 0],
						"0.32": [-75.19, 0, 0],
						"0.52": [-67.5, 0, 0],
						"0.76": [-58.86, 0, 0],
						"0.96": [-15, 0, 0]
					}
				},
				"lefthand": {
					"rotation": [0, 67.5, 0]
				},
				"right_feet": {
					"rotation": {
						"0.0": [0, 0, -15],
						"0.32": [-0.77, 0, -12.5],
						"0.44": [-20.81, 0, -5],
						"0.52": [-17.5, 0, 0],
						"0.72": [-14.55, 0, 0],
						"0.76": [-22.12, 0, 0],
						"0.96": [0, 0, 0]
					}
				},
				"left_feet": {
					"rotation": {
						"0.0": [-25, 0, 0],
						"0.32": [0, 0, 0],
						"0.64": [-5, 0, 0],
						"0.96": ["0+Math.cos(query.life_time * 180) *3", 0, 0]
					}
				},
				"teeth": {
					"scale": {
						"0.0": [1, 1, 1],
						"0.24": [1, 0.44, 1],
						"0.52": [1, 1.3, 1],
						"0.72": [1, 1.3, 1],
						"0.96": [1, 1, 1]
					}
				},
				"teeth2": {
					"scale": {
						"0.0": [1, 1, 1],
						"0.24": [1, 0.44, 1],
						"0.52": [1, 1.3, 1],
						"0.72": [1, 1.3, 1],
						"0.96": [1, 1, 1]
					}
				},
				"teeth3": {
					"scale": {
						"0.0": [1, 1, 1],
						"0.24": [1, 0.44, 1],
						"0.52": [1, 1.3, 1],
						"0.72": [1, 1.3, 1],
						"0.96": [1, 1, 1]
					}
				},
				"teeth4": {
					"scale": {
						"0.0": [1, 1, 1],
						"0.24": [1, 0.44, 1],
						"0.52": [1, 1.3, 1],
						"0.72": [1, 1.3, 1],
						"0.96": [1, 1, 1]
					}
				},
				"all": {
					"rotation": {
						"0.0": [0, 0, 12.5],
						"0.32": [0, 0, 9.38],
						"0.52": [0, 0, 0],
						"0.96": [0, 0, 0]
					},
					"position": {
						"0.0": [8, 0, 0],
						"0.32": [6, 0.31, -3],
						"0.52": [0, -4, -13],
						"0.76": [0, -3.45, -12],
						"0.96": [0, 0, 0]
					}
				}
			}
		},
		"animation.siren_head_bd.throw2": {
			"animation_length": 1.36,
			"bones": {
				"all": {
					"position": {
						"0.0": [0, -1, 0],
						"0.52": [0, -2.43, -1],
						"0.76": [0, -2.8, -17],
						"0.92": [0, -2.8, -17],
						"1.36": [0, 0, 0]
					}
				},
				"rightleg": {
					"rotation": {
						"0.0": [-18.20728, 0, 0],
						"0.52": [-26.94, -4.81, 0],
						"0.92": [4.16, -8.52, 0],
						"1.36": ["-5+Math.cos(query.life_time * 180) *3", -10, 0]
					}
				},
				"rightleg3": {
					"rotation": {
						"0.0": [10.10157, 0, 0],
						"0.76": [44.59, 0, 0],
						"0.92": [22.7, 0, 0],
						"1.36": ["5+Math.cos(query.life_time * 180) *-6", 0, 0]
					}
				},
				"right_feet": {
					"rotation": {
						"0.0": [10, 0, 0],
						"0.76": [-21.08, 0, 0],
						"0.92": [-29.49, 0, 0],
						"1.36": ["0+Math.cos(query.life_time * 180) *3", 0, 0]
					}
				},
				"leftleg": {
					"rotation": {
						"0.0": [-3.09755, 0, 0],
						"0.44": [-6.14, 4.07, 0],
						"0.6": [-30.77, 5.56, 0],
						"0.76": [-32.91, 7.04, 0],
						"0.92": [-32.91, 8.52, 0],
						"1.12": [-28.99, 9.19, 0],
						"1.36": ["-5+Math.cos(query.life_time * 180) *3", 10, 0]
					}
				},
				"leftleg2": {
					"rotation": {
						"0.0": [34.21932, 0, 0],
						"0.44": [35.4, 0, 0],
						"0.6": [116.74, 0, 0],
						"0.76": [34.24, 0, 0],
						"0.92": [32.53, 0, 0],
						"1.12": [80.05, 0, 0],
						"1.36": ["5+Math.cos(query.life_time * 180) *-6", 0, 0]
					}
				},
				"left_feet": {
					"rotation": {
						"0.0": ["-12.5+Math.cos(query.life_time * 180) *3", 0, 0],
						"0.52": [-24.17, 0, 0],
						"0.6": [26.65, 0, 0],
						"0.76": [-0.46, 0, 0],
						"1.36": ["0+Math.cos(query.life_time * 180) *3", 0, 0]
					}
				},
				"slam": {
					"position": [0, 0, 0],
					"scale": [2, 1, 2]
				},
				"body": {
					"rotation": {
						"0.0": [16.37301, 0, 0],
						"0.44": [9.90702, 0, -10],
						"0.56": [2.97, 0, 0],
						"0.72": [-4.60758, 0, 0],
						"0.92": [-17.11, 0, -5],
						"1.36": ["0+Math.cos(query.life_time * 180) *-3", 0, 0]
					}
				},
				"body2": {
					"rotation": {
						"0.0": [5.0049, 0, 0],
						"0.44": [25.02338, 0, -7.5],
						"0.56": [48.58, 15, 0],
						"0.72": [-24.99992, 0, -7.5],
						"0.92": [-20, 0, 0],
						"1.36": ["0+Math.cos(query.life_time * 180) *3", "0+query.target_y_rotation - this", 0]
					}
				},
				"body3": {
					"rotation": {
						"0.0": [14.21788, 0, 0],
						"0.44": [38.54221, 0, -5],
						"0.56": [20.61, 0, -5],
						"0.72": [-15.79003, 0, -10],
						"0.92": [-10.79, 0, -5],
						"1.36": ["0+Math.cos(query.life_time * 180) *-3 +query.target_x_rotation - this", "0+query.target_y_rotation - this", 0]
					}
				},
				"rightarm": {
					"rotation": {
						"0.0": [-15, 0, -5],
						"0.44": [-41.39, 0, -40.31],
						"0.56": [-14.72, 0, -2.35],
						"0.72": [38.08, 0, -2.02],
						"0.92": [16.65, 0, -1.97],
						"1.36": ["-query.target_x_rotation - this", 0, "0+Math.cos(query.life_time * 180) *2"]
					}
				},
				"rightarm2": {
					"rotation": {
						"0.0": [-30, 0, 0],
						"0.28": [-18.32, -3.18, 0],
						"0.44": [-50.93, -5, 0],
						"0.56": [-50.96, -3.33, 0],
						"0.72": [-15.17, -1.11, 0],
						"0.8": [-31.03, 0, 0],
						"0.92": [1.2, 0, 0],
						"1.36": [-20, 0, 0]
					}
				},
				"righthand": {
					"rotation": {
						"0.0": [0, -95, 0],
						"1.36": ["Math.cos(query.anim_time * 40 + 40) *10.0", 0, 0]
					}
				},
				"righthand2": {
					"rotation": ["Math.cos(query.anim_time * 10 + 10) *10.0", 0, 0]
				},
				"righthand7": {
					"rotation": ["Math.cos(query.anim_time * 40 + 40) *10.0", 0, 0]
				},
				"righthand3": {
					"rotation": ["Math.cos(query.anim_time * 40 + 40) *10.0", 0, 0]
				},
				"righthand8": {
					"rotation": ["Math.cos(query.anim_time * 40 + 40) *10.0", 0, 0]
				},
				"righthand4": {
					"rotation": ["Math.cos(query.anim_time * 40 + 40) *10.0", 0, 0]
				},
				"righthand9": {
					"rotation": ["Math.cos(query.anim_time * 40 + 40) *10.0", 0, 0]
				},
				"righthand5": {
					"rotation": ["Math.cos(query.anim_time * 40 + 40) *10.0", 0, 0]
				},
				"righthand10": {
					"rotation": ["Math.cos(query.anim_time * 40 + 40) *10.0", 0, 0]
				},
				"righthand6": {
					"rotation": ["Math.cos(query.anim_time * 40 + 40) *10.0", 0, 0]
				},
				"righthand11": {
					"rotation": ["Math.cos(query.anim_time * 40 + 40) *10.0", 0, 0]
				},
				"head": {
					"rotation": {
						"0.0": [0, 0, 0],
						"0.24": [26.25, 0, 0],
						"0.48": [-52.5, 0, 0],
						"0.72": [23.5, 0, 0],
						"0.92": [35.44, 0, 0],
						"1.36": ["query.target_x_rotation - this", "0+query.target_y_rotation - this", 0]
					}
				},
				"siren1": {
					"rotation": ["Math.sin(query.life_time * 180.0) * 3", 25, 0],
					"position": [0, "Math.sin(query.life_time * 180.0) * 0.1", 0]
				},
				"teeth2": {
					"scale": [1, "1+Math.cos(query.life_time * 180) *0.2", 1]
				},
				"teeth": {
					"scale": [1, "1+Math.cos(query.life_time * 180) *0.2", 1]
				},
				"siren2": {
					"rotation": ["Math.sin(query.life_time * 180.0) * 3", -25, 0],
					"position": [0, "Math.sin(query.life_time * 180.0) * 0.1", 0]
				},
				"teeth4": {
					"scale": [1, "1+Math.cos(query.life_time * 180) *-0.2", 1]
				},
				"teeth3": {
					"scale": [1, "1+Math.cos(query.life_time * 180) *-0.2", 1]
				},
				"leftarm": {
					"rotation": {
						"0.0": [-9.41292, 1.05747, 3.96839],
						"0.28": [5.13, 1.06, 3.97],
						"0.44": [-6.91, 1.06, 18.97],
						"0.72": [-106.91, 1.06, 3.97],
						"0.92": [-87.52, 0.47, 2.84],
						"1.36": ["-query.target_x_rotation - this", 0, "0+Math.cos(query.life_time * 180) *-2"]
					}
				},
				"leftarm2": {
					"rotation": {
						"0.0": [-92.97943, -8.47, -0.0367],
						"0.28": [-35.48, -8.47, -0.04],
						"0.44": [-47.98, -8.47, -0.04],
						"0.72": [-102.98, -8.47, -0.04],
						"0.92": [-24.1, -3.76, -0.02],
						"1.36": [-15, 0, 0]
					}
				},
				"lefthand": {
					"rotation": {
						"0.0": [0, 90, 0],
						"1.36": ["Math.cos(query.anim_time * 40 + 40) *10.0", 0, 0]
					}
				},
				"lefthand2": {
					"rotation": ["Math.cos(query.anim_time * 40 + 40) *10.0", 0, 0]
				},
				"lefthand11": {
					"rotation": ["Math.cos(query.anim_time * 40 + 40) *10.0", 0, 0]
				},
				"lefthand3": {
					"rotation": ["Math.cos(query.anim_time * 40 + 40) *10.0", 0, 0]
				},
				"lefthand10": {
					"rotation": ["Math.cos(query.anim_time * 40 + 40) *10.0", 0, 0]
				},
				"lefthand4": {
					"rotation": ["Math.cos(query.anim_time * 40 + 40) *10.0", 0, 0]
				},
				"lefthand9": {
					"rotation": ["Math.cos(query.anim_time * 40 + 40) *10.0", 0, 0]
				},
				"lefthand5": {
					"rotation": ["Math.cos(query.anim_time * 40 + 40) *10.0", 0, 0]
				},
				"lefthand8": {
					"rotation": ["Math.cos(query.anim_time * 40 + 40) *10.0", 0, 0]
				},
				"lefthand6": {
					"rotation": ["Math.cos(query.anim_time * 40 + 40) *10.0", 0, 0]
				},
				"lefthand7": {
					"rotation": ["Math.cos(query.anim_time * 40 + 40) *10.0", 0, 0]
				}
			}
		},
		"animation.siren_head_bd.throw3": {
			"animation_length": 1.36,
			"bones": {
				"all": {
					"position": {
						"0.0": [0, -1, 0],
						"0.52": [0, -2.43, -1],
						"0.76": [0, -2.8, -17],
						"0.92": [0, -2.8, -17],
						"1.36": [0, 0, 0]
					}
				},
				"rightleg": {
					"rotation": {
						"0.0": [-18.20728, 0, 0],
						"0.52": [-26.94, -4.81, 0],
						"0.92": [4.16, -8.52, 0],
						"1.36": ["-5+Math.cos(query.life_time * 180) *3", -10, 0]
					}
				},
				"rightleg3": {
					"rotation": {
						"0.0": [10.10157, 0, 0],
						"0.76": [44.59, 0, 0],
						"0.92": [22.7, 0, 0],
						"1.36": ["5+Math.cos(query.life_time * 180) *-6", 0, 0]
					}
				},
				"right_feet": {
					"rotation": {
						"0.0": [10, 0, 0],
						"0.76": [-21.08, 0, 0],
						"0.92": [-29.49, 0, 0],
						"1.36": ["0+Math.cos(query.life_time * 180) *3", 0, 0]
					}
				},
				"leftleg": {
					"rotation": {
						"0.0": [-3.09755, 0, 0],
						"0.44": [46.36, 4.07, 0],
						"0.6": [34.23, 5.56, 0],
						"0.76": [-90.41, 7.04, 0],
						"0.92": [-80.41, 8.52, 0],
						"1.12": [-28.99, 9.19, 0],
						"1.36": ["-5+Math.cos(query.life_time * 180) *3", 10, 0]
					}
				},
				"leftleg2": {
					"rotation": {
						"0.0": [34.21932, 0, 0],
						"0.44": [72.9, 0, 0],
						"0.6": [116.74, 0, 0],
						"0.76": [21.74, 0, 0],
						"0.92": [22.53, 0, 0],
						"1.12": [80.05, 0, 0],
						"1.36": ["5+Math.cos(query.life_time * 180) *-6", 0, 0]
					}
				},
				"left_feet": {
					"rotation": {
						"0.0": ["-12.5+Math.cos(query.life_time * 180) *3", 0, 0],
						"0.52": [-24.17, 0, 0],
						"0.6": [26.65, 0, 0],
						"0.76": [-0.46, 0, 0],
						"1.36": ["0+Math.cos(query.life_time * 180) *3", 0, 0]
					}
				},
				"slam": {
					"position": [0, 0, 0],
					"scale": [2, 1, 2]
				},
				"body": {
					"rotation": {
						"0.0": [16.37301, 0, 0],
						"0.44": [9.90702, 0, -10],
						"0.56": [2.97, 0, 0],
						"0.72": [-4.60758, 0, 0],
						"0.92": [-17.11, 0, -5],
						"1.36": ["0+Math.cos(query.life_time * 180) *-3", 0, 0]
					}
				},
				"body2": {
					"rotation": {
						"0.0": [5.0049, 0, 0],
						"0.44": [25.02338, 0, -7.5],
						"0.56": [48.58, 15, 0],
						"0.72": [-24.99992, 0, -7.5],
						"0.92": [-20, 0, 0],
						"1.36": ["0+Math.cos(query.life_time * 180) *3", "0+query.target_y_rotation - this", 0]
					}
				},
				"body3": {
					"rotation": {
						"0.0": [14.21788, 0, 0],
						"0.44": [38.54221, 0, -5],
						"0.56": [20.61, 0, -5],
						"0.72": [-15.79003, 0, -10],
						"0.92": [-10.79, 0, -5],
						"1.36": ["0+Math.cos(query.life_time * 180) *-3 +query.target_x_rotation - this", "0+query.target_y_rotation - this", 0]
					}
				},
				"rightarm": {
					"rotation": {
						"0.0": [-15, 0, -5],
						"0.44": [-41.39, 0, -40.31],
						"0.56": [-14.72, 0, -2.35],
						"0.72": [38.08, 0, -2.02],
						"0.92": [16.65, 0, -1.97],
						"1.36": ["-query.target_x_rotation - this", 0, "0+Math.cos(query.life_time * 180) *2"]
					}
				},
				"rightarm2": {
					"rotation": {
						"0.0": [-30, 0, 0],
						"0.28": [-18.32, -3.18, 0],
						"0.44": [-50.93, -5, 0],
						"0.56": [-50.96, -3.33, 0],
						"0.72": [-15.17, -1.11, 0],
						"0.8": [-31.03, 0, 0],
						"0.92": [1.2, 0, 0],
						"1.36": [-20, 0, 0]
					}
				},
				"righthand": {
					"rotation": {
						"0.0": [0, -95, 0],
						"1.36": ["Math.cos(query.anim_time * 40 + 40) *10.0", 0, 0]
					}
				},
				"righthand2": {
					"rotation": ["Math.cos(query.anim_time * 10 + 10) *10.0", 0, 0]
				},
				"righthand7": {
					"rotation": ["Math.cos(query.anim_time * 40 + 40) *10.0", 0, 0]
				},
				"righthand3": {
					"rotation": ["Math.cos(query.anim_time * 40 + 40) *10.0", 0, 0]
				},
				"righthand8": {
					"rotation": ["Math.cos(query.anim_time * 40 + 40) *10.0", 0, 0]
				},
				"righthand4": {
					"rotation": ["Math.cos(query.anim_time * 40 + 40) *10.0", 0, 0]
				},
				"righthand9": {
					"rotation": ["Math.cos(query.anim_time * 40 + 40) *10.0", 0, 0]
				},
				"righthand5": {
					"rotation": ["Math.cos(query.anim_time * 40 + 40) *10.0", 0, 0]
				},
				"righthand10": {
					"rotation": ["Math.cos(query.anim_time * 40 + 40) *10.0", 0, 0]
				},
				"righthand6": {
					"rotation": ["Math.cos(query.anim_time * 40 + 40) *10.0", 0, 0]
				},
				"righthand11": {
					"rotation": ["Math.cos(query.anim_time * 40 + 40) *10.0", 0, 0]
				},
				"head": {
					"rotation": {
						"0.0": [0, 0, 0],
						"0.24": [26.25, 0, 0],
						"0.48": [-52.5, 0, 0],
						"0.72": [23.5, 0, 0],
						"0.92": [35.44, 0, 0],
						"1.36": ["query.target_x_rotation - this", "0+query.target_y_rotation - this", 0]
					}
				},
				"siren1": {
					"rotation": ["Math.sin(query.life_time * 180.0) * 3", 25, 0],
					"position": [0, "Math.sin(query.life_time * 180.0) * 0.1", 0]
				},
				"teeth2": {
					"scale": [1, "1+Math.cos(query.life_time * 180) *0.2", 1]
				},
				"teeth": {
					"scale": [1, "1+Math.cos(query.life_time * 180) *0.2", 1]
				},
				"siren2": {
					"rotation": ["Math.sin(query.life_time * 180.0) * 3", -25, 0],
					"position": [0, "Math.sin(query.life_time * 180.0) * 0.1", 0]
				},
				"teeth4": {
					"scale": [1, "1+Math.cos(query.life_time * 180) *-0.2", 1]
				},
				"teeth3": {
					"scale": [1, "1+Math.cos(query.life_time * 180) *-0.2", 1]
				},
				"leftarm": {
					"rotation": {
						"0.0": [-9.41292, 1.05747, 3.96839],
						"0.28": [5.13, 1.06, 3.97],
						"0.44": [-6.91, 1.06, 18.97],
						"0.72": [15.59, 1.06, 18.97],
						"0.92": [37.48, 0.47, 15.34],
						"1.36": ["-query.target_x_rotation - this", 0, "0+Math.cos(query.life_time * 180) *-2"]
					}
				},
				"leftarm2": {
					"rotation": {
						"0.0": [-92.97943, -8.47, -0.0367],
						"0.28": [-35.48, -8.47, -0.04],
						"0.44": [-47.98, -8.47, -0.04],
						"0.72": [-7.98, -8.47, -0.04],
						"0.92": [-24.1, -3.76, -0.02],
						"1.36": [-15, 0, 0]
					}
				},
				"lefthand": {
					"rotation": {
						"0.0": [0, 90, 0],
						"1.36": ["Math.cos(query.anim_time * 40 + 40) *10.0", 0, 0]
					}
				},
				"lefthand2": {
					"rotation": ["Math.cos(query.anim_time * 40 + 40) *10.0", 0, 0]
				},
				"lefthand11": {
					"rotation": ["Math.cos(query.anim_time * 40 + 40) *10.0", 0, 0]
				},
				"lefthand3": {
					"rotation": ["Math.cos(query.anim_time * 40 + 40) *10.0", 0, 0]
				},
				"lefthand10": {
					"rotation": ["Math.cos(query.anim_time * 40 + 40) *10.0", 0, 0]
				},
				"lefthand4": {
					"rotation": ["Math.cos(query.anim_time * 40 + 40) *10.0", 0, 0]
				},
				"lefthand9": {
					"rotation": ["Math.cos(query.anim_time * 40 + 40) *10.0", 0, 0]
				},
				"lefthand5": {
					"rotation": ["Math.cos(query.anim_time * 40 + 40) *10.0", 0, 0]
				},
				"lefthand8": {
					"rotation": ["Math.cos(query.anim_time * 40 + 40) *10.0", 0, 0]
				},
				"lefthand6": {
					"rotation": ["Math.cos(query.anim_time * 40 + 40) *10.0", 0, 0]
				},
				"lefthand7": {
					"rotation": ["Math.cos(query.anim_time * 40 + 40) *10.0", 0, 0]
				}
			}
		},
		"animation.siren_head_bd.use_sound": {
			"loop": true,
			"bones": {
				"body": {
					"rotation": [-14.43877, 0, 0]
				},
				"body2": {
					"rotation": [28.55541, 0, 0]
				},
				"body3": {
					"rotation": [14.17523, 0, 0]
				},
				"rightarm": {
					"rotation": [0, 0, -15]
				},
				"rightarm2": {
					"rotation": [-32.5, 0, 0]
				},
				"siren1": {
					"rotation": [0, 57.5, 0]
				},
				"teeth2": {
					"scale": [1, 0.4, 1]
				},
				"teeth": {
					"scale": [1, 0.4, 1]
				},
				"siren2": {
					"rotation": [0, -60, 0]
				},
				"teeth4": {
					"scale": [1, 0.4, 1]
				},
				"teeth3": {
					"scale": [1, 0.4, 1]
				},
				"leftarm": {
					"rotation": [0, 0, 15]
				},
				"leftarm2": {
					"rotation": [-20, 0, 0]
				}
			}
		},
		"animation.siren_head_bd.jump_smash": {
			"animation_length": 3,
			"bones": {
				"all": {
					"rotation": [0, 0, 0],
					"position": {
						"0.0": [0, -11, 0],
						"1.0": [0, -18, 0],
						"1.52": [0, -24.12, 0],
						"2.0": [0, -24, 0],
						"2.52": [0, -24, 0],
						"2.56": [0, -24.8, 0],
						"3.0": [0, 0, 0]
					}
				},
				"rightleg": {
					"rotation": {
						"0.0": [-65, 0, 0],
						"0.48": [-78.4, -10, 0],
						"1.0": [-87.5, 0, 0],
						"1.52": [-106.7, -10.4, 0],
						"2.0": [-110, -20, 0],
						"2.52": [-110, -20, 0],
						"2.56": [-112.1, -20, 0],
						"3.0": ["-5+Math.cos(query.life_time * 180) *3", -10, 0]
					}
				},
				"rightleg3": {
					"rotation": {
						"0.0": [72.5, 0, 0],
						"0.48": [84.5, -7.5, 0],
						"1.0": [97.5, 0, 0],
						"1.52": [115.4, 0, 0],
						"2.0": [117.5, 0, 0],
						"2.52": [117.5, 0, 0],
						"2.56": [115.6, 0, 0],
						"3.0": ["5+Math.cos(query.life_time * 180) *-6", 0, 0]
					}
				},
				"right_feet": {
					"rotation": {
						"0.48": [-10, 0, 0],
						"1.0": [-10, 0, 0],
						"2.56": [-2.5, 0, 0.98],
						"3.0": [0, 0, 0]
					}
				},
				"leftleg": {
					"rotation": {
						"0.0": [-37.5, 17.5, 0],
						"0.48": [-38.7, 9.2, 15.6],
						"1.0": [-40, 85, 32.5],
						"1.52": [-32.2, 73.1, 68.4],
						"2.0": [-25, 87.5, 77.5],
						"2.52": [-25, 87.5, 77.5],
						"2.56": [-46, 89.4, 57.9],
						"3.0": ["-5+Math.cos(query.life_time * 180) *3", 10, 0]
					}
				},
				"leftleg2": {
					"rotation": {
						"0.0": [105, 0, 0],
						"0.48": [113.4, 15, 0],
						"1.0": [122.5, 0, 0],
						"1.52": [132.7, 0, 0],
						"2.0": [132.5, 0, 0],
						"2.52": [132.5, 0, 0],
						"3.0": ["5+Math.cos(query.life_time * 180) *-6", 0, 0]
					}
				},
				"left_feet": {
					"rotation": {
						"0.0": [0, 0, 0],
						"1.0": [-22.5, 0, 0],
						"3.0": ["0+Math.cos(query.life_time * 180) *3", 0, 0]
					}
				},
				"body": {
					"rotation": {
						"0.0": [5.91103, 0, 0],
						"1.0": [25.33099, 0, 0],
						"2.0": [35.75935, 0, 0],
						"2.52": [35.75935, 0, 0],
						"2.56": [10.55, 0, 0],
						"3.0": [0, 0, 0]
					}
				},
				"body2": {
					"rotation": {
						"0.0": [8.0194, 0, 0],
						"1.0": [7.49816, 0, 0],
						"1.6": [-10.5, 0, 0],
						"2.0": [-10, 0, 0],
						"2.52": [-10, 0, 0],
						"2.56": [20.59, 0, 0],
						"3.0": ["0+Math.cos(query.life_time * 180) *3", 0, 0]
					}
				},
				"body3": {
					"rotation": {
						"0.0": [15.98578, 0, 0],
						"0.48": [-0.47, 0, 7.5],
						"1.0": [-18.2933, 0, 0],
						"1.6": [14.21, 0, 0],
						"2.0": [19.20981, 0, 0],
						"2.52": [19.20981, 0, 0],
						"2.56": [19.4, 0, 0],
						"3.0": ["0+Math.cos(query.life_time * 180) *-3", 0, 0]
					}
				},
				"rightarm": {
					"rotation": {
						"0.0": [0, 0, -15],
						"1.0": [3.75, 0, -7.5],
						"2.0": [-7.5, 0, -15],
						"2.52": [-7.5, 0, -15],
						"2.56": [-28.5, -2.5, -8.7],
						"3.0": [0, 0, "0+Math.cos(query.life_time * 180) *2"]
					}
				},
				"rightarm2": {
					"rotation": {
						"0.0": [-110, 0, 0],
						"0.48": [-45, 0, 0],
						"1.0": [-47.5, 0, 0],
						"1.52": [-82.1, 0, 0],
						"2.0": [-90, 0, 0],
						"2.52": [-90, 0, 0],
						"2.56": [-92.4, 0, 0],
						"3.0": [-20, 0, 0]
					}
				},
				"righthand": {
					"rotation": {
						"0.0": [0, 0, 0],
						"0.48": [-52.3, 0, 0],
						"1.0": [-72.5, 0, 0],
						"1.52": [-39.4, 0, 0],
						"2.0": [-42.5, 0, 0],
						"2.52": [-42.5, 0, 0],
						"2.56": [-15.2, 0, 0]
					}
				},
				"head": {
					"rotation": {
						"0.0": [0, 0, 0],
						"1.0": [27.5, 0, 0],
						"2.0": [-32.5, 0, 0],
						"2.52": [-32.5, 0, 0],
						"3.0": [0, 0, 0]
					}
				},
				"teeth2": {
					"scale": 1
				},
				"teeth": {
					"scale": 1
				},
				"teeth4": {
					"scale": 1
				},
				"teeth3": {
					"scale": 1
				},
				"leftarm": {
					"rotation": {
						"0.0": [0, -12.5, 12.5],
						"1.0": [-7.5, -12.5, 10],
						"2.0": [-12.5, -12.5, 22.5],
						"2.52": [-12.5, -12.5, 22.5],
						"2.56": [-30.1, 12.5, 13.4],
						"3.0": [0, 0, "0+Math.cos(query.life_time * 180) *-2"]
					}
				},
				"leftarm2": {
					"rotation": {
						"0.0": [-27.5, 0, 0],
						"1.0": [-52.5, 0, 0],
						"1.52": [-82, 0, 0],
						"2.0": [-90, 0, 0],
						"2.52": [-90, 0, 0],
						"2.56": [-86.4, 0, 0],
						"3.0": [-15, 0, 0]
					}
				},
				"lefthand": {
					"rotation": {
						"0.0": [0, 0, 0],
						"0.48": [-57.7, 0, 0],
						"1.0": [-52.5, 0, 0],
						"1.52": [-31.87, 0, 0]
					}
				}
			}
		},
		"animation.siren_head_bd.in_air": {
			"loop": true,
			"bones": {
				"rightleg": {
					"rotation": [-70, 0, 0]
				},
				"rightleg3": {
					"rotation": [112.5, 0, -2.5]
				},
				"leftleg": {
					"rotation": [7.5, 0, 0]
				},
				"leftleg2": {
					"rotation": [10, 0, 0]
				},
				"body": {
					"rotation": [26.7, 0.31036, 18.26994]
				},
				"body2": {
					"rotation": [0.36071, 0.04752, -1.5288]
				},
				"body3": {
					"rotation": [3.17617, 0.35561, -8.49381]
				},
				"rightarm": {
					"rotation": [27.5, 0, -10]
				},
				"rightarm2": {
					"rotation": [-67.5, 0, 0]
				},
				"leftarm": {
					"rotation": [-45, 0, 20]
				},
				"leftarm2": {
					"rotation": [-70, 0, 0]
				}
			}
		}
	}
}