{
	"format_version": "1.8.0",
	"animations": {
		"animation.sound_wave.move": {
			"loop": true,
			"bones": {
				"all": {
					"rotation": ["-query.target_x_rotation - this", "query.target_y_rotation - this", 0]
				}
			},
			"sound_effects": {
				"0.0": {
					"effect": "sounding"
				}
			}
		},
		"animation.sound_wave.move2": {
			"loop": true,
			"bones": {
				"all": {
					"rotation": ["-query.target_x_rotation", "-query.target_y_rotation", 0],
					"scale": "1+(query.anim_time * 5)"
				}
			},
			"sound_effects": {
				"0.0": {
					"effect": "sounding"
				}
			}
		}
	}
}