{
	"format_version": "1.12.0",
	"minecraft:geometry": [
		{
			"description": {
				"identifier": "geometry.bd_maid",
				"texture_width": 128,
				"texture_height": 128,
				"visible_bounds_width": 3,
				"visible_bounds_height": 3,
				"visible_bounds_offset": [0, 1.5, 0]
			},
			"bones": [
				{
					"name": "waist",
					"pivot": [0, 12, 0]
				},
				{
					"name": "body",
					"parent": "waist",
					"pivot": [0, 23, 0],
					"cubes": [
						{"origin": [-5, 12, -3], "size": [10, 12.6, 6], "inflate": -0.5, "uv": [0, 0]},
						{"origin": [-3, 5.8, -3], "size": [6, 10.6, 4], "inflate": -0.49, "pivot": [0, 15.80824, -1], "rotation": [-42.5, 0, 0], "uv": [42, 42]},
						{"origin": [-3, 5.8, -1], "size": [6, 10.6, 4], "inflate": -0.49, "pivot": [0, 15.80824, 1], "rotation": [42.5, 0, 0], "uv": [22, 38]},
						{"origin": [0.32612, 5.55201, -3.05132], "size": [5, 10.6, 6], "inflate": -0.5, "pivot": [0.13176, 15.75223, -1.05132], "rotation": [-42.06341, -6.73717, -7.40702], "uv": [0, 34]},
						{"origin": [3.19436, 4.60802, -3], "size": [2, 11.6, 6], "inflate": -0.49, "pivot": [0, 15.80824, 0], "rotation": [0, 0, -10], "uv": [0, 50]},
						{"origin": [3.35788, 4.68068, -2.76154], "size": [2, 3.6, 3], "inflate": -0.5, "pivot": [0.16352, 14.88089, 0.23846], "rotation": [27.5, 0, -10], "uv": [26, 0]},
						{"origin": [3.59843, 3.31647, -0.57743], "size": [2, 3.6, 3], "inflate": -0.5, "pivot": [0.40406, 13.51669, 2.42257], "rotation": [-27.5, 0, -10], "uv": [16, 18]},
						{"origin": [0.32612, 5.55201, -2.94868], "size": [5, 10.6, 6], "inflate": -0.5, "pivot": [0.13176, 15.75223, 1.05132], "rotation": [42.06341, 6.73717, -7.40702], "uv": [0, 18]},
						{"origin": [-5.32612, 5.55201, -3.05132], "size": [5, 10.6, 6], "inflate": -0.5, "pivot": [-0.13176, 15.75223, -1.05132], "rotation": [-42.06341, 6.73717, 7.40702], "uv": [32, 0]},
						{"origin": [-5.19436, 4.60802, -3], "size": [2, 11.6, 6], "inflate": -0.49, "pivot": [0, 15.80824, 0], "rotation": [0, 0, 10], "uv": [44, 16]},
						{"origin": [-5.20385, 4.55421, 0.22328], "size": [2, 4.6, 3], "inflate": -0.5, "pivot": [-0.00949, 15.75443, 0.22328], "rotation": [-27.5, 0, 10], "uv": [54, 0]},
						{"origin": [-5.4444, 3.19001, -2.88432], "size": [2, 4.6, 3], "inflate": -0.5, "pivot": [-0.25003, 14.39023, -2.88432], "rotation": [27.5, 0, 10], "uv": [32, 52]},
						{"origin": [-5.32612, 5.55201, -2.94868], "size": [5, 10.6, 6], "inflate": -0.5, "pivot": [-0.13176, 15.75223, 1.05132], "rotation": [42.06341, -6.73717, 7.40702], "uv": [22, 22]}
					]
				},
				{
					"name": "rightArm",
					"parent": "body",
					"pivot": [-5, 22, 0],
					"cubes": [
						{"origin": [-8, 21, -2], "size": [4, 4, 4], "inflate": 0.2, "uv": [16, 52]}
					]
				},
				{
					"name": "rightItem",
					"parent": "rightArm",
					"pivot": [-6, 15, 1]
				},
				{
					"name": "leftArm",
					"parent": "body",
					"pivot": [5, 22, 0],
					"mirror": true,
					"cubes": [
						{"origin": [4, 21, -2], "size": [4, 4, 4], "inflate": 0.2, "uv": [40, 34], "mirror": false}
					]
				},
				{
					"name": "rightLeg",
					"parent": "body",
					"pivot": [-2, 12, 0]
				},
				{
					"name": "leftLeg",
					"parent": "body",
					"pivot": [2, 12, 0],
					"mirror": true
				}
			]
		}
	]
}