{
	"format_version": "1.12.0",
	"minecraft:geometry": [
		{
			"description": {
				"identifier": "geometry.bd_tophat",
				"texture_width": 64,
				"texture_height": 64,
				"visible_bounds_width": 2,
				"visible_bounds_height": 3,
				"visible_bounds_offset": [0, 1.5, 0]
			},
			"bones": [
				{
					"name": "waist",
					"pivot": [0, 12, 0]
				},
				{
					"name": "body",
					"parent": "waist",
					"pivot": [0, 23, 0]
				},
				{
					"name": "head",
					"parent": "body",
					"pivot": [0, 24, 0],
					"cubes": [
						{"origin": [-5, 29, -5], "size": [10, 2, 10], "inflate": 0.5, "uv": [0, 0]},
						{"origin": [-4, 31, -4], "size": [8, 7, 8], "inflate": 0.4, "uv": [0, 12]}
					]
				}
			]
		}
	]
}