{
	"format_version": "1.10.0",
	"geometry.cartoon_hand": {
		"texturewidth": 70,
		"textureheight": 66,
		"visible_bounds_width": 3,
		"visible_bounds_height": 6,
		"visible_bounds_offset": [0, 1, 0],
		"bones": [
			{
				"name": "left_arm24",
				"pivot": [0, 0, 0],
				"rotation": [180, 0, 0],
				"cubes": [
					{"origin": [-1.03407, -3.05882, -1], "size": [2, 3, 2], "uv": [39, 56]}
				]
			},
			{
				"name": "left_arm25",
				"parent": "left_arm24",
				"pivot": [0, -3, 0],
				"cubes": [
					{"origin": [-1.03407, -6.05882, -1], "size": [2, 3, 2], "uv": [6, 56]}
				]
			},
			{
				"name": "left_arm26",
				"parent": "left_arm25",
				"pivot": [0, -6, 0],
				"cubes": [
					{"origin": [-1.03407, -9.05882, -1], "size": [2, 3, 2], "uv": [55, 24]}
				]
			},
			{
				"name": "left_arm27",
				"parent": "left_arm26",
				"pivot": [0, -9, 0],
				"cubes": [
					{"origin": [-1.03407, -12.05882, -1], "size": [2, 3, 2], "uv": [54, 49]}
				]
			},
			{
				"name": "left_arm19",
				"parent": "left_arm27",
				"pivot": [0, -12, 0],
				"cubes": [
					{"origin": [-1.03407, -15.05882, -1], "size": [2, 3, 2], "uv": [39, 56]}
				]
			},
			{
				"name": "left_arm20",
				"parent": "left_arm19",
				"pivot": [0, -15, 0],
				"cubes": [
					{"origin": [-1.03407, -18.05882, -1], "size": [2, 3, 2], "uv": [6, 56]}
				]
			},
			{
				"name": "left_arm21",
				"parent": "left_arm20",
				"pivot": [0, -18, 0],
				"cubes": [
					{"origin": [-1.03407, -21.05882, -1], "size": [2, 3, 2], "uv": [55, 24]}
				]
			},
			{
				"name": "left_arm22",
				"parent": "left_arm21",
				"pivot": [0, -21, 0],
				"cubes": [
					{"origin": [-1.03407, -24.05882, -1], "size": [2, 3, 2], "uv": [54, 49]}
				]
			},
			{
				"name": "left_arm14",
				"parent": "left_arm22",
				"pivot": [0, -24, 0],
				"cubes": [
					{"origin": [-1.03407, -27.05882, -1], "size": [2, 3, 2], "uv": [39, 56]}
				]
			},
			{
				"name": "left_arm15",
				"parent": "left_arm14",
				"pivot": [0, -27, 0],
				"cubes": [
					{"origin": [-1.03407, -30.05882, -1], "size": [2, 3, 2], "uv": [6, 56]}
				]
			},
			{
				"name": "left_arm16",
				"parent": "left_arm15",
				"pivot": [0, -30, 0],
				"cubes": [
					{"origin": [-1.03407, -33.05882, -1], "size": [2, 3, 2], "uv": [55, 24]}
				]
			},
			{
				"name": "left_arm17",
				"parent": "left_arm16",
				"pivot": [0, -33, 0],
				"cubes": [
					{"origin": [-1.03407, -36.05882, -1], "size": [2, 3, 2], "uv": [54, 49]}
				]
			},
			{
				"name": "left_arm",
				"parent": "left_arm17",
				"pivot": [0, -36, 0],
				"cubes": [
					{"origin": [-1.03407, -39.05882, -1], "size": [2, 3, 2], "uv": [39, 56]}
				]
			},
			{
				"name": "left_arm2",
				"parent": "left_arm",
				"pivot": [0, -39, 0],
				"cubes": [
					{"origin": [-1.03407, -42.05882, -1], "size": [2, 3, 2], "uv": [6, 56]}
				]
			},
			{
				"name": "left_arm3",
				"parent": "left_arm2",
				"pivot": [0, -42, 0],
				"cubes": [
					{"origin": [-1.03407, -45.05882, -1], "size": [2, 3, 2], "uv": [55, 24]}
				]
			},
			{
				"name": "left_arm4",
				"parent": "left_arm3",
				"pivot": [0, -45, 0],
				"cubes": [
					{"origin": [-1.03407, -48.05882, -1], "size": [2, 3, 2], "uv": [54, 49]}
				]
			},
			{
				"name": "left_arm5",
				"parent": "left_arm4",
				"pivot": [0, -48, 0.5]
			},
			{
				"name": "left_arm6",
				"parent": "left_arm5",
				"pivot": [0, -48, 0],
				"cubes": [
					{"origin": [-2.33407, -49.45882, -2.3], "size": [4.6, 1.9, 4.6], "uv": [12, 41], "inflate": -0.5},
					{"origin": [-0.53407, -50.65882, -1.5], "size": [1, 2, 3], "uv": [56, 29]},
					{"origin": [-0.53407, -50.65882, -1.5], "size": [1, 2, 3], "uv": [56, 29]}
				]
			},
			{
				"name": "left_arm7",
				"parent": "left_arm6",
				"pivot": [0, -50.6, 1],
				"cubes": [
					{"origin": [-0.53407, -52.65882, 0.5], "size": [1, 2, 1], "uv": [46, 41]}
				]
			},
			{
				"name": "left_arm8",
				"parent": "left_arm7",
				"pivot": [0, -52.2, 1],
				"cubes": [
					{"origin": [-0.53407, -53.65882, 0.5], "size": [1, 2, 1], "uv": [45, 15]}
				]
			},
			{
				"name": "left_arm9",
				"parent": "left_arm6",
				"pivot": [0, -50.6, 0],
				"cubes": [
					{"origin": [-0.53407, -52.65882, -0.5], "size": [1, 2, 1], "uv": [24, 41]}
				]
			},
			{
				"name": "left_arm10",
				"parent": "left_arm9",
				"pivot": [0, -52.2, 0],
				"cubes": [
					{"origin": [-0.53407, -53.65882, -0.5], "size": [1, 2, 1], "uv": [40, 0]}
				]
			},
			{
				"name": "left_arm11",
				"parent": "left_arm6",
				"pivot": [0, -50.6, -1],
				"cubes": [
					{"origin": [-0.53407, -52.65882, -1.5], "size": [1, 2, 1], "uv": [38, 19]}
				]
			},
			{
				"name": "left_arm12",
				"parent": "left_arm11",
				"pivot": [0, -52.2, -1],
				"cubes": [
					{"origin": [-0.53407, -53.65882, -1.5], "size": [1, 2, 1], "uv": [9, 38]}
				]
			},
			{
				"name": "left_arm13",
				"parent": "left_arm6",
				"pivot": [0, -49.7, -1.5],
				"cubes": [
					{"origin": [-0.53407, -51.65882, -2.5], "size": [1, 2, 1], "uv": [0, 38]}
				]
			}
		]
	}
}