{
	"format_version": "1.10.0",
	"geometry.cartoon_head": {
		"texturewidth": 70,
		"textureheight": 66,
		"visible_bounds_width": 3,
		"visible_bounds_height": 5.5,
		"visible_bounds_offset": [0, 1.25, 0],
		"bones": [
			{
				"name": "neck",
				"pivot": [0, 0, 0],
				"cubes": [
					{"origin": [-1, 0, -1], "size": [2, 1, 2], "uv": [43, 24]}
				]
			},
			{
				"name": "neck2",
				"parent": "neck",
				"pivot": [0, 1, 0],
				"cubes": [
					{"origin": [-1, 1, -1], "size": [2, 1, 2], "uv": [43, 24]}
				]
			},
			{
				"name": "neck3",
				"parent": "neck2",
				"pivot": [0, 2, 0],
				"cubes": [
					{"origin": [-1, 2, -1], "size": [2, 1, 2], "uv": [43, 24]}
				]
			},
			{
				"name": "neck4",
				"parent": "neck3",
				"pivot": [0, 3, 0],
				"cubes": [
					{"origin": [-1, 3, -1], "size": [2, 1, 2], "uv": [43, 24]}
				]
			},
			{
				"name": "neck5",
				"parent": "neck4",
				"pivot": [0, 4, 0],
				"cubes": [
					{"origin": [-1, 4, -1], "size": [2, 1, 2], "uv": [43, 24]}
				]
			},
			{
				"name": "neck6",
				"parent": "neck5",
				"pivot": [0, 5, 0],
				"cubes": [
					{"origin": [-1, 5, -1], "size": [2, 1, 2], "uv": [43, 24]}
				]
			},
			{
				"name": "neck7",
				"parent": "neck6",
				"pivot": [0, 6, 0],
				"cubes": [
					{"origin": [-1, 6, -1], "size": [2, 1, 2], "uv": [43, 24]}
				]
			},
			{
				"name": "neck8",
				"parent": "neck7",
				"pivot": [0, 7, 0],
				"cubes": [
					{"origin": [-1, 7, -1], "size": [2, 1, 2], "uv": [43, 24]}
				]
			},
			{
				"name": "neck9",
				"parent": "neck8",
				"pivot": [0, 8, 0],
				"cubes": [
					{"origin": [-1, 8, -1], "size": [2, 1, 2], "uv": [43, 24]}
				]
			},
			{
				"name": "neck10",
				"parent": "neck9",
				"pivot": [0, 9, 0],
				"cubes": [
					{"origin": [-1, 9, -1], "size": [2, 1, 2], "uv": [43, 24]}
				]
			},
			{
				"name": "neck11",
				"parent": "neck10",
				"pivot": [0, 10, 0],
				"cubes": [
					{"origin": [-1, 10, -1], "size": [2, 1, 2], "uv": [43, 24]}
				]
			},
			{
				"name": "neck12",
				"parent": "neck11",
				"pivot": [0, 11, 0],
				"cubes": [
					{"origin": [-1, 11, -1], "size": [2, 1, 2], "uv": [43, 24]}
				]
			},
			{
				"name": "neck13",
				"parent": "neck12",
				"pivot": [0, 12, 0],
				"cubes": [
					{"origin": [-1, 12, -1], "size": [2, 1, 2], "uv": [43, 24]}
				]
			},
			{
				"name": "neck14",
				"parent": "neck13",
				"pivot": [0, 13, 0],
				"cubes": [
					{"origin": [-1, 13, -1], "size": [2, 1, 2], "uv": [43, 24]}
				]
			},
			{
				"name": "head",
				"parent": "neck14",
				"pivot": [0, 14, 0],
				"cubes": [
					{"origin": [-4, 15, 3], "size": [8, 7, 1], "uv": [38, 28], "inflate": 0.01},
					{"origin": [-3, 17, -3.7], "size": [6, 4, 1.7], "uv": [46, 36]},
					{"origin": [-3, 21, -3], "size": [6, 1, 6], "uv": [22, 0]},
					{"origin": [-3, 17, -2], "size": [6, 4, 5], "uv": [0, 25]},
					{"origin": [-4.5, 20.5, -4.5], "size": [9, 2, 2], "uv": [28, 7], "inflate": -0.5},
					{"origin": [-3.9, 16.2, -4.5], "size": [7.8, 2.3, 2], "uv": [40, 11], "inflate": -0.5},
					{"origin": [-1.1, 16.4, -4.7], "size": [2.2, 1.7, 1.2], "uv": [0, 6], "inflate": -0.5},
					{"origin": [-0.9, 17.1, -4.7], "size": [1.8, 1.3, 1.2], "uv": [59, 44], "inflate": -0.5},
					{"origin": [2.5, 14.5, -4.5], "size": [1.4, 2.7, 2], "uv": [0, 34], "inflate": -0.5},
					{"origin": [-3.5, 14.5, -2.5], "size": [7, 1.5, 6], "uv": [0, 9], "inflate": -0.5},
					{"origin": [-3.9, 14.5, -4.5], "size": [1.4, 2.7, 2], "uv": [22, 0], "inflate": -0.5},
					{"origin": [-4.5, 17.5, -4.5], "size": [2, 4, 2], "uv": [52, 54], "inflate": -0.5},
					{"origin": [2.5, 17.5, -4.5], "size": [2, 4, 2], "uv": [16, 54], "inflate": -0.5},
					{"origin": [-1, 17.5, -4.5], "size": [2, 4, 2], "uv": [0, 0], "inflate": -0.5},
					{"origin": [3, 15, -3], "size": [1, 7, 6], "uv": [30, 30]},
					{"origin": [-4, 15, -3], "size": [1, 7, 6], "uv": [16, 28]}
				]
			},
			{
				"name": "jaw",
				"parent": "head",
				"pivot": [0, 15, 3],
				"cubes": [
					{"origin": [-3.5, 14, -4], "size": [7, 1, 8], "uv": [0, 0]},
					{"origin": [3.4, 15, -4], "size": [1, 3, 7], "uv": [37, 37]},
					{"origin": [-4.4, 15, -4], "size": [1, 3, 7], "uv": [0, 34]},
					{"origin": [-4, 15, 3], "size": [8, 3, 1], "uv": [38, 28]}
				]
			},
			{
				"name": "mouth",
				"parent": "jaw",
				"pivot": [0, 15, -2.4],
				"cubes": [
					{"origin": [-2, 14, -4.4], "size": [4, 2, 3], "uv": [0, 44], "inflate": -0.5},
					{"origin": [-2, 15, -4.3], "size": [1.4, 1.4, 1.4], "uv": [56, 2], "inflate": -0.5},
					{"origin": [-0.4, 15, -4.3], "size": [1.4, 1.4, 1.4], "uv": [56, 0], "inflate": -0.5},
					{"origin": [-1.5, 15, -4.3], "size": [1.4, 1.4, 1.4], "uv": [45, 56], "inflate": -0.5},
					{"origin": [0.1, 15, -4.3], "size": [1.4, 1.4, 1.4], "uv": [12, 56], "inflate": -0.5},
					{"origin": [-1, 15, -4.3], "size": [1.4, 1.4, 1.4], "uv": [54, 41], "inflate": -0.5},
					{"origin": [0.6, 15, -4.3], "size": [1.4, 1.4, 1.4], "uv": [54, 20], "inflate": -0.5}
				]
			},
			{
				"name": "mouth2",
				"parent": "mouth",
				"pivot": [1.6, 15, -2.4],
				"rotation": [0, 0, -20],
				"cubes": [
					{"origin": [0.83502, 14.06436, -4.4], "size": [2.8, 2, 3], "uv": [50, 5], "inflate": -0.5},
					{"origin": [0.93502, 15.06436, -4.3], "size": [1.4, 1.4, 1.4], "uv": [53, 15], "inflate": -0.5},
					{"origin": [1.43502, 15.06436, -4.3], "size": [1.4, 1.4, 1.4], "uv": [33, 51], "inflate": -0.5},
					{"origin": [1.93502, 15.06436, -4.3], "size": [1.4, 1.4, 1.4], "uv": [6, 49], "inflate": -0.5},
					{"origin": [2.21693, 14.96175, -4.3], "size": [1.4, 1.4, 1.4], "uv": [44, 47], "inflate": -0.5},
					{"origin": [2.21693, 14.96175, -3.3], "size": [1.4, 1.4, 1.4], "uv": [44, 47], "inflate": -0.5},
					{"origin": [2.21693, 14.96175, -3.8], "size": [1.4, 1.4, 1.4], "uv": [44, 47], "inflate": -0.5},
					{"origin": [2.21693, 14.96175, -2.8], "size": [1.4, 1.4, 1.4], "uv": [44, 47], "inflate": -0.5}
				]
			},
			{
				"name": "mouth3",
				"parent": "mouth",
				"pivot": [-1.4, 15, -2.4],
				"rotation": [0, 0, 20],
				"cubes": [
					{"origin": [-3.62296, 13.99595, -4.4], "size": [2.8, 2, 3], "uv": [24, 28], "inflate": -0.5},
					{"origin": [-3.22296, 14.99595, -4.3], "size": [1.4, 1.4, 1.4], "uv": [17, 28], "inflate": -0.5},
					{"origin": [-3.59884, 14.85914, -4.3], "size": [1.4, 1.4, 1.4], "uv": [24, 9], "inflate": -0.5},
					{"origin": [-3.59884, 14.85914, -3.8], "size": [1.4, 1.4, 1.4], "uv": [24, 9], "inflate": -0.5},
					{"origin": [-3.59884, 14.85914, -3.3], "size": [1.4, 1.4, 1.4], "uv": [24, 9], "inflate": -0.5},
					{"origin": [-3.59884, 14.85914, -2.8], "size": [1.4, 1.4, 1.4], "uv": [24, 9], "inflate": -0.5},
					{"origin": [-2.72296, 14.99595, -4.3], "size": [1.4, 1.4, 1.4], "uv": [22, 4], "inflate": -0.5},
					{"origin": [-2.22296, 14.99595, -4.3], "size": [1.4, 1.4, 1.4], "uv": [19, 19], "inflate": -0.5}
				]
			},
			{
				"name": "bone",
				"parent": "head",
				"pivot": [4.5, 16.5, -0.5],
				"cubes": [
					{"origin": [3.4, 15, -4], "size": [1, 3, 7], "uv": [37, 37]}
				]
			},
			{
				"name": "bone2",
				"parent": "head",
				"pivot": [-4.4, 16.5, -0.5],
				"cubes": [
					{"origin": [-4.4, 15, -4], "size": [1, 3, 7], "uv": [0, 34]}
				]
			},
			{
				"name": "eye",
				"parent": "head",
				"pivot": [1.75, 19.2, -3.6],
				"cubes": [
					{"origin": [0.8, 17.9, -3.8], "size": [1.9, 2.6, 1], "uv": [12, 36]}
				]
			},
			{
				"name": "eye2",
				"parent": "head",
				"pivot": [-1.75, 19.2, -3.6],
				"cubes": [
					{"origin": [-2.7, 17.9, -3.8], "size": [1.9, 2.6, 1], "uv": [9, 34]}
				]
			},
			{
				"name": "mouth4",
				"parent": "head",
				"pivot": [0, 16.8, -2.4],
				"rotation": [0, 0, -180],
				"cubes": [
					{"origin": [-2, 15.8, -4.4], "size": [4, 2, 3], "uv": [11, 46], "inflate": -0.5},
					{"origin": [-2, 16.8, -4.3], "size": [1.4, 1.4, 1.4], "uv": [59, 40], "inflate": -0.5},
					{"origin": [-0.4, 16.8, -4.3], "size": [1.4, 1.4, 1.4], "uv": [59, 35], "inflate": -0.5},
					{"origin": [-1.5, 16.8, -4.3], "size": [1.4, 1.4, 1.4], "uv": [59, 15], "inflate": -0.5},
					{"origin": [0.1, 16.8, -4.3], "size": [1.4, 1.4, 1.4], "uv": [59, 1], "inflate": -0.5},
					{"origin": [-1, 16.8, -4.3], "size": [1.4, 1.4, 1.4], "uv": [47, 59], "inflate": -0.5},
					{"origin": [0.6, 16.8, -4.3], "size": [1.4, 1.4, 1.4], "uv": [58, 54], "inflate": -0.5}
				]
			},
			{
				"name": "mouth5",
				"parent": "mouth4",
				"pivot": [1.6, 16.8, -2.4],
				"rotation": [0, 0, 20],
				"cubes": [
					{"origin": [0.83502, 15.73564, -4.4], "size": [2.8, 2, 3], "uv": [52, 44], "inflate": -0.5},
					{"origin": [0.93502, 16.73564, -4.3], "size": [1.4, 1.4, 1.4], "uv": [58, 13], "inflate": -0.5},
					{"origin": [1.43502, 16.73564, -4.3], "size": [1.4, 1.4, 1.4], "uv": [35, 58], "inflate": -0.5},
					{"origin": [1.93502, 16.73564, -4.3], "size": [1.4, 1.4, 1.4], "uv": [0, 58], "inflate": -0.5},
					{"origin": [2.21693, 16.63304, -4.3], "size": [1.4, 1.4, 1.4], "uv": [57, 42], "inflate": -0.5},
					{"origin": [2.21693, 16.63304, -3.3], "size": [1.4, 1.4, 1.4], "uv": [57, 42], "inflate": -0.5},
					{"origin": [2.21693, 16.63304, -3.8], "size": [1.4, 1.4, 1.4], "uv": [57, 42], "inflate": -0.5},
					{"origin": [2.21693, 16.63304, -2.8], "size": [1.4, 1.4, 1.4], "uv": [57, 42], "inflate": -0.5}
				]
			},
			{
				"name": "mouth6",
				"parent": "mouth4",
				"pivot": [-1.4, 16.8, -2.4],
				"rotation": [0, 0, -20],
				"cubes": [
					{"origin": [-3.62296, 15.79595, -4.4], "size": [2.8, 2, 3], "uv": [8, 51], "inflate": -0.5},
					{"origin": [-3.22296, 16.79595, -4.3], "size": [1.4, 1.4, 1.4], "uv": [57, 21], "inflate": -0.5},
					{"origin": [-3.59884, 16.65914, -4.3], "size": [1.4, 1.4, 1.4], "uv": [48, 57], "inflate": -0.5},
					{"origin": [-3.59884, 16.65914, -3.3], "size": [1.4, 1.4, 1.4], "uv": [48, 57], "inflate": -0.5},
					{"origin": [-3.59884, 16.65914, -3.8], "size": [1.4, 1.4, 1.4], "uv": [48, 57], "inflate": -0.5},
					{"origin": [-3.59884, 16.65914, -2.8], "size": [1.4, 1.4, 1.4], "uv": [48, 57], "inflate": -0.5},
					{"origin": [-2.72296, 16.79595, -4.3], "size": [1.4, 1.4, 1.4], "uv": [26, 57], "inflate": -0.5},
					{"origin": [-2.22296, 16.79595, -4.3], "size": [1.4, 1.4, 1.4], "uv": [56, 34], "inflate": -0.5}
				]
			},
			{
				"name": "cen_ear",
				"parent": "head",
				"pivot": [3, 21, 0],
				"rotation": [0, 0, 20]
			},
			{
				"name": "ear3",
				"parent": "cen_ear",
				"pivot": [1, 21, 0],
				"rotation": [0, 0, 15],
				"cubes": [
					{"origin": [1, 21, 0], "size": [1, 4, 1], "uv": [0, 25], "inflate": 0.001},
					{"origin": [1.9, 21, 0], "size": [1.1, 2.2, 1], "uv": [30, 33]}
				]
			},
			{
				"name": "ear",
				"parent": "cen_ear",
				"pivot": [3, 21, 0],
				"rotation": [0, 0, -15],
				"cubes": [
					{"origin": [3.06815, 19.98174, 0], "size": [1, 5, 1], "uv": [20, 9], "inflate": 0.001}
				]
			},
			{
				"name": "cen_ear2",
				"parent": "head",
				"pivot": [-3, 21, 1],
				"rotation": [0, 180, -20]
			},
			{
				"name": "ear2",
				"parent": "cen_ear2",
				"pivot": [-5, 21, 1],
				"rotation": [0, 0, 15],
				"cubes": [
					{"origin": [-5, 21, 1], "size": [1, 4, 1], "uv": [0, 16], "inflate": 0.001},
					{"origin": [-4.1, 21, 1], "size": [1.1, 2.2, 1], "uv": [31, 28]}
				]
			},
			{
				"name": "ear4",
				"parent": "cen_ear2",
				"pivot": [-3, 21, 1],
				"rotation": [0, 0, -15],
				"cubes": [
					{"origin": [-2.93185, 19.98174, 1], "size": [1, 5, 1], "uv": [0, 9], "inflate": 0.001}
				]
			}
		]
	}
}