{
	"format_version": "1.10.0",
	"geometry.cartoon_hand3": {
		"texturewidth": 70,
		"textureheight": 66,
		"visible_bounds_width": 3,
		"visible_bounds_height": 6,
		"visible_bounds_offset": [0, 1, 0],
		"bones": [
			{
				"name": "left_arm2",
				"pivot": [0, 15, 0],
				"cubes": [
					{"origin": [-1.03407, 11.94118, -1], "size": [2, 3, 2], "uv": [6, 56]}
				]
			},
			{
				"name": "left_arm3",
				"parent": "left_arm2",
				"pivot": [0, 12, 0],
				"cubes": [
					{"origin": [-1.03407, 8.94118, -1], "size": [2, 3, 2], "uv": [55, 24]}
				]
			},
			{
				"name": "left_arm4",
				"parent": "left_arm3",
				"pivot": [0, 9, 0],
				"cubes": [
					{"origin": [-1.03407, 5.94118, -1], "size": [2, 3, 2], "uv": [54, 49]}
				]
			},
			{
				"name": "left_arm5",
				"parent": "left_arm4",
				"pivot": [0, 6, 0.5]
			},
			{
				"name": "left_arm6",
				"parent": "left_arm5",
				"pivot": [0, 6, 0],
				"cubes": [
					{"origin": [-2.33407, 4.54118, -2.3], "size": [4.6, 1.9, 4.6], "uv": [12, 41], "inflate": -0.5},
					{"origin": [-0.53407, 3.34118, -1.5], "size": [1, 2, 3], "uv": [56, 29]},
					{"origin": [-0.53407, 3.34118, -1.5], "size": [1, 2, 3], "uv": [56, 29]}
				]
			},
			{
				"name": "left_arm7",
				"parent": "left_arm6",
				"pivot": [0, 3.4, 1],
				"cubes": [
					{"origin": [-0.53407, 1.34118, 0.5], "size": [1, 2, 1], "uv": [46, 41]}
				]
			},
			{
				"name": "left_arm8",
				"parent": "left_arm7",
				"pivot": [0, 1.8, 1],
				"cubes": [
					{"origin": [-0.53407, 0.34118, 0.5], "size": [1, 2, 1], "uv": [45, 15]}
				]
			},
			{
				"name": "left_arm9",
				"parent": "left_arm6",
				"pivot": [0, 3.4, 0],
				"cubes": [
					{"origin": [-0.53407, 1.34118, -0.5], "size": [1, 2, 1], "uv": [24, 41]}
				]
			},
			{
				"name": "left_arm10",
				"parent": "left_arm9",
				"pivot": [0, 1.8, 0],
				"cubes": [
					{"origin": [-0.53407, 0.34118, -0.5], "size": [1, 2, 1], "uv": [40, 0]}
				]
			},
			{
				"name": "left_arm11",
				"parent": "left_arm6",
				"pivot": [0, 3.4, -1],
				"cubes": [
					{"origin": [-0.53407, 1.34118, -1.5], "size": [1, 2, 1], "uv": [38, 19]}
				]
			},
			{
				"name": "left_arm12",
				"parent": "left_arm11",
				"pivot": [0, 1.8, -1],
				"cubes": [
					{"origin": [-0.53407, 0.34118, -1.5], "size": [1, 2, 1], "uv": [9, 38]}
				]
			},
			{
				"name": "left_arm13",
				"parent": "left_arm6",
				"pivot": [0, 4.3, -1.5],
				"cubes": [
					{"origin": [-0.53407, 2.34118, -2.5], "size": [1, 2, 1], "uv": [0, 38]}
				]
			}
		]
	}
}