{
	"format_version": "1.10.0",
	"geometry.cartoon_dog": {
		"texturewidth": 70,
		"textureheight": 66,
		"visible_bounds_width": 3,
		"visible_bounds_height": 3,
		"visible_bounds_offset": [0, 0, 0],
		"bones": [
			{
				"name": "all",
				"pivot": [0, 15, 0]
			},
			{
				"name": "body4",
				"parent": "all",
				"pivot": [0, 15, 0],
				"cubes": [
					{"origin": [-3.5, 15, -2.4], "size": [7, 3, 5], "uv": [21, 11]},
					{"origin": [-3, 14, -2], "size": [6, 1, 4], "uv": [40, 0]}
				]
			},
			{
				"name": "body2",
				"parent": "body4",
				"pivot": [0, 18, 0],
				"cubes": [
					{"origin": [-3.5, 18, -2.4], "size": [7, 4, 5], "uv": [0, 16]}
				]
			},
			{
				"name": "body5",
				"parent": "body2",
				"pivot": [0, 22, 0],
				"cubes": [
					{"origin": [-3.5, 22, -2.4], "size": [7, 3, 5], "uv": [19, 20]},
					{"origin": [-3, 25, -2], "size": [6, 1, 4], "uv": [38, 19]}
				]
			},
			{
				"name": "right_arm",
				"parent": "body5",
				"pivot": [-3, 25, 0],
				"rotation": [0, 0, 15],
				"cubes": [
					{"origin": [-4.5, 23, -1], "size": [2, 3, 2], "uv": [58, 8]}
				]
			},
			{
				"name": "right_arm2",
				"parent": "right_arm",
				"pivot": [-3.5, 23, 0],
				"cubes": [
					{"origin": [-4.5, 20, -1], "size": [2, 3, 2], "uv": [58, 3]}
				]
			},
			{
				"name": "right_arm4",
				"parent": "right_arm2",
				"pivot": [-3.5, 20, 0],
				"cubes": [
					{"origin": [-4.5, 17, -1], "size": [2, 3, 2], "uv": [58, 58]}
				]
			},
			{
				"name": "right_arm5",
				"parent": "right_arm4",
				"pivot": [-3.5, 17, 0],
				"cubes": [
					{"origin": [-4.5, 14, -1], "size": [2, 3, 2], "uv": [29, 58]}
				]
			},
			{
				"name": "right_arm3",
				"parent": "right_arm5",
				"pivot": [-3.5, 13, 0.5]
			},
			{
				"name": "right_arm6",
				"parent": "right_arm5",
				"pivot": [-3.5, 13.975, 0],
				"cubes": [
					{"origin": [-5.8, 12.6, -2.3], "size": [4.6, 1.9, 4.6], "uv": [24, 43], "inflate": -0.5},
					{"origin": [-4, 11.4, -1.5], "size": [1, 2, 3], "uv": [56, 29]},
					{"origin": [-4, 11.4, -1.5], "size": [1, 2, 3], "uv": [56, 29]}
				]
			},
			{
				"name": "right_arm7",
				"parent": "right_arm6",
				"pivot": [-3.5, 11.4, 1],
				"cubes": [
					{"origin": [-4, 9.4, 0.5], "size": [1, 2, 1], "uv": [51, 24]}
				]
			},
			{
				"name": "right_arm8",
				"parent": "right_arm7",
				"pivot": [-3.5, 9.9, 1],
				"cubes": [
					{"origin": [-4, 8.4, 0.5], "size": [1, 2, 1], "uv": [19, 51]}
				]
			},
			{
				"name": "right_arm9",
				"parent": "right_arm6",
				"pivot": [-3.5, 11.4, 0],
				"cubes": [
					{"origin": [-4, 9.4, -0.5], "size": [1, 2, 1], "uv": [15, 51]}
				]
			},
			{
				"name": "right_arm10",
				"parent": "right_arm9",
				"pivot": [-3.5, 9.9, 0],
				"cubes": [
					{"origin": [-4, 8.4, -0.5], "size": [1, 2, 1], "uv": [50, 41]}
				]
			},
			{
				"name": "right_arm11",
				"parent": "right_arm6",
				"pivot": [-3.5, 11.4, -1],
				"cubes": [
					{"origin": [-4, 9.4, -1.5], "size": [1, 2, 1], "uv": [49, 15]}
				]
			},
			{
				"name": "right_arm12",
				"parent": "right_arm11",
				"pivot": [-3.5, 9.9, -1],
				"cubes": [
					{"origin": [-4, 8.4, -1.5], "size": [1, 2, 1], "uv": [48, 5]}
				]
			},
			{
				"name": "right_arm13",
				"parent": "right_arm6",
				"pivot": [-3.5, 12.4, -1.5],
				"cubes": [
					{"origin": [-4, 10.4, -2.5], "size": [1, 2, 1], "uv": [33, 48]}
				]
			},
			{
				"name": "left_arm",
				"parent": "body5",
				"pivot": [3, 25, 0],
				"rotation": [0, 0, -15],
				"cubes": [
					{"origin": [2.46593, 22.74118, -1], "size": [2, 3, 2], "uv": [39, 56]}
				]
			},
			{
				"name": "left_arm2",
				"parent": "left_arm",
				"pivot": [3.46593, 22.74118, 0],
				"cubes": [
					{"origin": [2.46593, 19.74118, -1], "size": [2, 3, 2], "uv": [6, 56]}
				]
			},
			{
				"name": "left_arm3",
				"parent": "left_arm2",
				"pivot": [3.46593, 19.74118, 0],
				"cubes": [
					{"origin": [2.46593, 16.74118, -1], "size": [2, 3, 2], "uv": [55, 24]}
				]
			},
			{
				"name": "left_arm4",
				"parent": "left_arm3",
				"pivot": [3.46593, 16.74118, 0],
				"cubes": [
					{"origin": [2.46593, 13.74118, -1], "size": [2, 3, 2], "uv": [54, 49]}
				]
			},
			{
				"name": "left_arm5",
				"parent": "left_arm4",
				"pivot": [3.46593, 12.74118, 0.5]
			},
			{
				"name": "left_arm6",
				"parent": "left_arm4",
				"pivot": [3.46593, 13.71618, 0],
				"cubes": [
					{"origin": [1.16593, 12.34118, -2.3], "size": [4.6, 1.9, 4.6], "uv": [12, 41], "inflate": -0.5},
					{"origin": [2.96593, 11.14118, -1.5], "size": [1, 2, 3], "uv": [56, 29]},
					{"origin": [2.96593, 11.14118, -1.5], "size": [1, 2, 3], "uv": [56, 29]}
				]
			},
			{
				"name": "left_arm7",
				"parent": "left_arm6",
				"pivot": [3.46593, 11.14118, 1],
				"cubes": [
					{"origin": [2.96593, 9.14118, 0.5], "size": [1, 2, 1], "uv": [46, 41]}
				]
			},
			{
				"name": "left_arm8",
				"parent": "left_arm7",
				"pivot": [3.46593, 9.64118, 1],
				"cubes": [
					{"origin": [2.96593, 8.14118, 0.5], "size": [1, 2, 1], "uv": [45, 15]}
				]
			},
			{
				"name": "left_arm9",
				"parent": "left_arm6",
				"pivot": [3.46593, 11.14118, 0],
				"cubes": [
					{"origin": [2.96593, 9.14118, -0.5], "size": [1, 2, 1], "uv": [24, 41]}
				]
			},
			{
				"name": "left_arm10",
				"parent": "left_arm9",
				"pivot": [3.46593, 9.64118, 0],
				"cubes": [
					{"origin": [2.96593, 8.14118, -0.5], "size": [1, 2, 1], "uv": [40, 0]}
				]
			},
			{
				"name": "left_arm11",
				"parent": "left_arm6",
				"pivot": [3.46593, 11.14118, -1],
				"cubes": [
					{"origin": [2.96593, 9.14118, -1.5], "size": [1, 2, 1], "uv": [38, 19]}
				]
			},
			{
				"name": "left_arm12",
				"parent": "left_arm11",
				"pivot": [3.46593, 9.64118, -1],
				"cubes": [
					{"origin": [2.96593, 8.14118, -1.5], "size": [1, 2, 1], "uv": [9, 38]}
				]
			},
			{
				"name": "left_arm13",
				"parent": "left_arm6",
				"pivot": [3.46593, 12.14118, -1.5],
				"cubes": [
					{"origin": [2.96593, 10.14118, -2.5], "size": [1, 2, 1], "uv": [0, 38]}
				]
			},
			{
				"name": "neck",
				"parent": "body5",
				"pivot": [0, 26, 0],
				"cubes": [
					{"origin": [-1, 26, -1], "size": [2, 1, 2], "uv": [43, 24]}
				]
			},
			{
				"name": "head",
				"parent": "neck",
				"pivot": [0, 27, 0],
				"rotation": [0, 0, 0],
				"cubes": [
					{"origin": [0.5, 28, -1.3], "size": [6, 4, 2.3], "uv": [0, 0]},
					{"origin": [-1.5, 30, -1], "size": [1, 2, 2], "uv": [0, 0]},
					{"origin": [-1.5, 32, -1.3], "size": [8, 2, 2.3], "uv": [0, 0]},
					{"origin": [0.5, 27, -1], "size": [6, 1, 2], "uv": [0, 0]},
					{"origin": [-0.5, 26.5, 0.5], "size": [7.5, 4.5, 1.5], "uv": [0, 0], "inflate": -0.5},
					{"origin": [-2, 30, 0.5], "size": [9, 4.5, 1.5], "uv": [0, 0], "inflate": -0.5},
					{"origin": [-2, 30, -2], "size": [3, 1.5, 1.5], "uv": [0, 0], "inflate": -0.5},
					{"origin": [0, 26.5, -2], "size": [4, 3.1, 1.5], "uv": [0, 0], "inflate": -0.5},
					{"origin": [-2, 30.5, -2], "size": [3, 4, 1.5], "uv": [0, 0], "inflate": -0.5},
					{"origin": [0, 30.5, -2], "size": [2, 4, 1.5], "uv": [0, 0], "inflate": -0.5},
					{"origin": [0, 28.6, -2], "size": [2.7, 3.1, 1.5], "uv": [0, 0], "inflate": -0.5},
					{"origin": [4, 30.7, -2], "size": [3, 3.8, 1.5], "uv": [0, 0], "inflate": -0.5},
					{"origin": [1, 33.2, -2], "size": [4, 1.3, 1.5], "uv": [0, 0], "inflate": -0.5},
					{"origin": [1, 30.7, -2], "size": [4, 1.2, 1.5], "uv": [0, 0], "inflate": -0.5},
					{"origin": [4.5, 28.5, -2], "size": [2.5, 3.2, 1.5], "uv": [0, 0], "inflate": -0.5},
					{"origin": [3, 26.5, -2], "size": [4, 3.1, 1.5], "uv": [0, 0], "inflate": -0.5}
				]
			},
			{
				"name": "eye",
				"parent": "head",
				"pivot": [3.65, 30.1, -0.9],
				"rotation": [0, 0, -17.5],
				"cubes": [
					{"origin": [2.4, 29.2, -1.4], "size": [2.5, 1.8, 1], "uv": [12, 36]}
				]
			},
			{
				"name": "eye2",
				"parent": "head",
				"pivot": [3.05, 32.6, -0.9],
				"rotation": [0, 0, -22.5],
				"cubes": [
					{"origin": [1.8, 31.7, -1.4], "size": [2.5, 1.8, 1], "uv": [12, 36]}
				]
			},
			{
				"name": "cen_ear2",
				"parent": "head",
				"pivot": [4, 34, 1]
			},
			{
				"name": "ear",
				"parent": "cen_ear2",
				"pivot": [6, 34, 2],
				"rotation": [0, 0, -22.5]
			},
			{
				"name": "bone2",
				"parent": "ear",
				"pivot": [6.5, 34, 1],
				"rotation": [0, 0, -2.5],
				"cubes": [
					{"origin": [5.39879, 33.83321, 0], "size": [1, 2, 1], "uv": [0, 0]}
				]
			},
			{
				"name": "bone3",
				"parent": "bone2",
				"pivot": [6, 36, 1.5],
				"rotation": [0, 0, -47.5],
				"cubes": [
					{"origin": [5.14645, 35.5933, 0], "size": [1, 2, 1], "uv": [0, 0]}
				]
			},
			{
				"name": "bone4",
				"parent": "bone3",
				"pivot": [6, 38, 1.5],
				"rotation": [0, 0, -2.5],
				"cubes": [
					{"origin": [5.12905, 37.60911, 0], "size": [1, 2, 1], "uv": [0, 0]}
				]
			},
			{
				"name": "bone5",
				"parent": "bone4",
				"pivot": [6, 40, 1.5],
				"rotation": [0, 0, -47.5],
				"cubes": [
					{"origin": [4.79899, 39.64077, 0], "size": [1, 2, 1], "uv": [0, 0]}
				]
			},
			{
				"name": "bone10",
				"parent": "bone5",
				"pivot": [8.51577, 44.14893, 1.5],
				"rotation": [0, 0, -12.5],
				"cubes": [
					{"origin": [4.32052, 42.28825, 0], "size": [1, 2, 1], "uv": [0, 0]}
				]
			},
			{
				"name": "ear2",
				"parent": "cen_ear2",
				"pivot": [6.69659, 27.37412, 2],
				"rotation": [180, 1.9113, -57.57713]
			},
			{
				"name": "bone6",
				"parent": "ear2",
				"pivot": [5.44613, 27.36595, 5.06064],
				"rotation": [0, 0, -80],
				"cubes": [
					{"origin": [4.45349, 26.29245, 4.50819], "size": [1, 2, 1], "uv": [0, 0]}
				]
			},
			{
				"name": "bone7",
				"parent": "bone6",
				"pivot": [4.94613, 29.36595, 5.56064],
				"rotation": [0, 0, -47.5],
				"cubes": [
					{"origin": [3.49744, 28.26664, 4.50819], "size": [1, 2, 1], "uv": [0, 0]}
				]
			},
			{
				"name": "bone8",
				"parent": "bone7",
				"pivot": [4.94613, 31.36595, 5.56064],
				"rotation": [0, 0, -20],
				"cubes": [
					{"origin": [3.27904, 30.52777, 4.50819], "size": [1, 2, 1], "uv": [0, 0]}
				]
			},
			{
				"name": "cen_mom",
				"parent": "head",
				"pivot": [0, 29, 1.5]
			},
			{
				"name": "mom",
				"parent": "cen_mom",
				"pivot": [0, 30, -1.5],
				"rotation": [0, 0, 0],
				"cubes": [
					{"origin": [-6.1, 29.8, -1], "size": [7, 1, 2], "uv": [37, 37]}
				]
			},
			{
				"name": "bone",
				"parent": "mom",
				"pivot": [-6.6, 30.3, 0],
				"rotation": [0, 0, -32.5],
				"cubes": [
					{"origin": [-6.90965, 29.45305, -0.7], "size": [1, 1, 1.5], "uv": [37, 37]}
				]
			},
			{
				"name": "mouth4",
				"parent": "mom",
				"pivot": [-5.3, 29.8, -4.8],
				"rotation": [0, 0, -180],
				"cubes": [
					{"origin": [-12.1, 28.8, -1.4], "size": [8, 2, 2.8], "uv": [11, 46], "inflate": -0.5},
					{"origin": [-10.6, 29.8, -0.1], "size": [1.4, 1.4, 1.4], "uv": [59, 35], "inflate": -0.5},
					{"origin": [-11.2, 29.8, -0.1], "size": [1.4, 1.4, 1.4], "uv": [59, 35], "inflate": -0.5},
					{"origin": [-11.7, 29.8, -0.1], "size": [1.4, 1.4, 1.4], "uv": [59, 35], "inflate": -0.5},
					{"origin": [-10.1, 29.8, -0.1], "size": [1.4, 1.4, 1.4], "uv": [59, 35], "inflate": -0.5},
					{"origin": [-9.6, 29.8, -0.1], "size": [1.4, 1.4, 1.4], "uv": [59, 35], "inflate": -0.5},
					{"origin": [-8.1, 29.8, -0.1], "size": [1.4, 1.4, 1.4], "uv": [59, 35], "inflate": -0.5},
					{"origin": [-6.6, 29.8, -0.1], "size": [1.4, 1.4, 1.4], "uv": [59, 35], "inflate": -0.5},
					{"origin": [-9.1, 29.8, -0.1], "size": [1.4, 1.4, 1.4], "uv": [59, 35], "inflate": -0.5},
					{"origin": [-7.6, 29.8, -0.1], "size": [1.4, 1.4, 1.4], "uv": [59, 35], "inflate": -0.5},
					{"origin": [-6.1, 29.8, -0.1], "size": [1.4, 1.4, 1.4], "uv": [59, 35], "inflate": -0.5},
					{"origin": [-8.6, 29.8, -0.1], "size": [1.4, 1.4, 1.4], "uv": [59, 35], "inflate": -0.5},
					{"origin": [-7.1, 29.8, -0.1], "size": [1.4, 1.4, 1.4], "uv": [59, 35], "inflate": -0.5},
					{"origin": [-5.6, 29.8, -0.1], "size": [1.4, 1.4, 1.4], "uv": [59, 35], "inflate": -0.5},
					{"origin": [-5.6, 29.8, -0.7], "size": [1.4, 1.4, 1.4], "uv": [59, 1], "inflate": -0.5},
					{"origin": [-10.6, 29.8, -1.3], "size": [1.4, 1.4, 1.4], "uv": [58, 54], "inflate": -0.5},
					{"origin": [-11.2, 29.8, -1.3], "size": [1.4, 1.4, 1.4], "uv": [58, 54], "inflate": -0.5},
					{"origin": [-11.7, 29.8, -1.3], "size": [1.4, 1.4, 1.4], "uv": [58, 54], "inflate": -0.5},
					{"origin": [-10.1, 29.8, -1.3], "size": [1.4, 1.4, 1.4], "uv": [58, 54], "inflate": -0.5},
					{"origin": [-9.6, 29.8, -1.3], "size": [1.4, 1.4, 1.4], "uv": [58, 54], "inflate": -0.5},
					{"origin": [-8.1, 29.8, -1.3], "size": [1.4, 1.4, 1.4], "uv": [58, 54], "inflate": -0.5},
					{"origin": [-6.6, 29.8, -1.3], "size": [1.4, 1.4, 1.4], "uv": [58, 54], "inflate": -0.5},
					{"origin": [-9.1, 29.8, -1.3], "size": [1.4, 1.4, 1.4], "uv": [58, 54], "inflate": -0.5},
					{"origin": [-7.6, 29.8, -1.3], "size": [1.4, 1.4, 1.4], "uv": [58, 54], "inflate": -0.5},
					{"origin": [-6.1, 29.8, -1.3], "size": [1.4, 1.4, 1.4], "uv": [58, 54], "inflate": -0.5},
					{"origin": [-8.6, 29.8, -1.3], "size": [1.4, 1.4, 1.4], "uv": [58, 54], "inflate": -0.5},
					{"origin": [-7.1, 29.8, -1.3], "size": [1.4, 1.4, 1.4], "uv": [58, 54], "inflate": -0.5},
					{"origin": [-5.6, 29.8, -1.3], "size": [1.4, 1.4, 1.4], "uv": [58, 54], "inflate": -0.5}
				]
			},
			{
				"name": "mouth6",
				"parent": "mouth4",
				"pivot": [-12.7, 29.8, -4.8],
				"rotation": [0, 0, -20]
			},
			{
				"name": "mom2",
				"parent": "cen_mom",
				"pivot": [-0.1, 27.5, -1.5],
				"rotation": [0, 0, 0],
				"cubes": [
					{"origin": [-6.1, 27, -1], "size": [7, 1, 2], "uv": [37, 37]}
				]
			},
			{
				"name": "mouth",
				"parent": "mom2",
				"pivot": [-1, 28, -5.9],
				"cubes": [
					{"origin": [-6.4, 28, -0.1], "size": [1.4, 1.4, 1.4], "uv": [56, 2], "inflate": -0.5},
					{"origin": [-5.9, 28, -0.1], "size": [1.4, 1.4, 1.4], "uv": [56, 2], "inflate": -0.5},
					{"origin": [-4.4, 28, -0.1], "size": [1.4, 1.4, 1.4], "uv": [56, 2], "inflate": -0.5},
					{"origin": [-2.9, 28, -0.1], "size": [1.4, 1.4, 1.4], "uv": [56, 2], "inflate": -0.5},
					{"origin": [-5.4, 28, -0.1], "size": [1.4, 1.4, 1.4], "uv": [56, 2], "inflate": -0.5},
					{"origin": [-3.9, 28, -0.1], "size": [1.4, 1.4, 1.4], "uv": [56, 2], "inflate": -0.5},
					{"origin": [-2.4, 28, -0.1], "size": [1.4, 1.4, 1.4], "uv": [56, 2], "inflate": -0.5},
					{"origin": [-4.9, 28, -0.1], "size": [1.4, 1.4, 1.4], "uv": [56, 2], "inflate": -0.5},
					{"origin": [-3.4, 28, -0.1], "size": [1.4, 1.4, 1.4], "uv": [56, 2], "inflate": -0.5},
					{"origin": [-1.9, 28, -0.1], "size": [1.4, 1.4, 1.4], "uv": [56, 2], "inflate": -0.5},
					{"origin": [-1.4, 28, -0.1], "size": [1.4, 1.4, 1.4], "uv": [56, 2], "inflate": -0.5},
					{"origin": [-0.8, 28, -0.1], "size": [1.4, 1.4, 1.4], "uv": [56, 2], "inflate": -0.5},
					{"origin": [-0.3, 28, -0.1], "size": [1.4, 1.4, 1.4], "uv": [56, 2], "inflate": -0.5},
					{"origin": [-6.4, 28, -0.7], "size": [1.4, 1.4, 1.4], "uv": [45, 56], "inflate": -0.5},
					{"origin": [-6.4, 28, -1.3], "size": [1.4, 1.4, 1.4], "uv": [54, 41], "inflate": -0.5},
					{"origin": [-5.9, 28, -1.3], "size": [1.4, 1.4, 1.4], "uv": [54, 41], "inflate": -0.5},
					{"origin": [-4.4, 28, -1.3], "size": [1.4, 1.4, 1.4], "uv": [54, 41], "inflate": -0.5},
					{"origin": [-2.9, 28, -1.3], "size": [1.4, 1.4, 1.4], "uv": [54, 41], "inflate": -0.5},
					{"origin": [-5.4, 28, -1.3], "size": [1.4, 1.4, 1.4], "uv": [54, 41], "inflate": -0.5},
					{"origin": [-3.9, 28, -1.3], "size": [1.4, 1.4, 1.4], "uv": [54, 41], "inflate": -0.5},
					{"origin": [-2.4, 28, -1.3], "size": [1.4, 1.4, 1.4], "uv": [54, 41], "inflate": -0.5},
					{"origin": [-4.9, 28, -1.3], "size": [1.4, 1.4, 1.4], "uv": [54, 41], "inflate": -0.5},
					{"origin": [-3.4, 28, -1.3], "size": [1.4, 1.4, 1.4], "uv": [54, 41], "inflate": -0.5},
					{"origin": [-1.9, 28, -1.3], "size": [1.4, 1.4, 1.4], "uv": [54, 41], "inflate": -0.5},
					{"origin": [-1.4, 28, -1.3], "size": [1.4, 1.4, 1.4], "uv": [54, 41], "inflate": -0.5},
					{"origin": [-0.8, 28, -1.3], "size": [1.4, 1.4, 1.4], "uv": [54, 41], "inflate": -0.5},
					{"origin": [-0.3, 28, -1.3], "size": [1.4, 1.4, 1.4], "uv": [54, 41], "inflate": -0.5},
					{"origin": [-6.5, 27, -1.4], "size": [8, 2, 2.8], "uv": [54, 41], "inflate": -0.5}
				]
			},
			{
				"name": "right_leg",
				"parent": "all",
				"pivot": [-2, 14, 0],
				"cubes": [
					{"origin": [-3, 7, -1], "size": [2, 7, 2], "uv": [0, 49]}
				]
			},
			{
				"name": "right_leg2",
				"parent": "right_leg",
				"pivot": [-2, 7, 0],
				"cubes": [
					{"origin": [-3, 0, -1], "size": [2, 7, 2], "uv": [25, 48]}
				]
			},
			{
				"name": "left_leg3",
				"parent": "all",
				"pivot": [2, 14, 0],
				"cubes": [
					{"origin": [1, 7, -1], "size": [2, 7, 2], "uv": [46, 47]}
				]
			},
			{
				"name": "left_leg4",
				"parent": "left_leg3",
				"pivot": [2, 7, 0],
				"cubes": [
					{"origin": [1, 0, -1], "size": [2, 7, 2], "uv": [38, 47]}
				]
			},
			{
				"name": "blood",
				"parent": "all",
				"pivot": [0.05, 29.2, -2.6],
				"locators": {
					"eat": [0, 29, -4]
				}
			}
		]
	}
}