{
	"format_version": "1.10.0",
	"geometry.cartoon_cat_bd": {
		"texturewidth": 70,
		"textureheight": 66,
		"visible_bounds_width": 3,
		"visible_bounds_height": 5.5,
		"visible_bounds_offset": [0, 1.25, 0],
		"bones": [
			{
				"name": "all",
				"pivot": [0, 0, 0]
			},
			{
				"name": "body4",
				"parent": "all",
				"pivot": [0, 15, 0],
				"cubes": [
					{"origin": [-3.5, 15, -2.4], "size": [7, 3, 5], "uv": [21, 11]},
					{"origin": [-3, 14, -2], "size": [6, 1, 4], "uv": [40, 0]}
				]
			},
			{
				"name": "body2",
				"parent": "body4",
				"pivot": [0, 18, 0],
				"cubes": [
					{"origin": [-3.5, 18, -2.4], "size": [7, 4, 5], "uv": [0, 16]}
				]
			},
			{
				"name": "body5",
				"parent": "body2",
				"pivot": [0, 22, 0],
				"cubes": [
					{"origin": [-3.5, 22, -2.4], "size": [7, 3, 5], "uv": [19, 20]},
					{"origin": [-3, 25, -2], "size": [6, 1, 4], "uv": [38, 19]}
				]
			},
			{
				"name": "right_arm",
				"parent": "body5",
				"pivot": [-3, 25, 0],
				"rotation": [0, 0, 15],
				"cubes": [
					{"origin": [-4.5, 23, -1], "size": [2, 3, 2], "uv": [58, 8]}
				]
			},
			{
				"name": "right_arm2",
				"parent": "right_arm",
				"pivot": [-3.5, 23, 0],
				"cubes": [
					{"origin": [-4.5, 20, -1], "size": [2, 3, 2], "uv": [58, 3]}
				]
			},
			{
				"name": "right_arm4",
				"parent": "right_arm2",
				"pivot": [-3.5, 20, 0],
				"cubes": [
					{"origin": [-4.5, 17, -1], "size": [2, 3, 2], "uv": [58, 58]}
				]
			},
			{
				"name": "right_arm5",
				"parent": "right_arm4",
				"pivot": [-3.5, 17, 0],
				"cubes": [
					{"origin": [-4.5, 14, -1], "size": [2, 3, 2], "uv": [29, 58]}
				]
			},
			{
				"name": "right_arm3",
				"parent": "right_arm5",
				"pivot": [-3.5, 13, 0.5]
			},
			{
				"name": "right_arm17",
				"parent": "right_arm5",
				"pivot": [-3.5, 17, 0],
				"cubes": [
					{"origin": [-4.5, 14, -1], "size": [2, 3, 2], "uv": [29, 58]}
				]
			},
			{
				"name": "right_arm6",
				"parent": "right_arm17",
				"pivot": [-3.5, 13.975, 0],
				"cubes": [
					{"origin": [-5.8, 12.6, -2.3], "size": [4.6, 1.9, 4.6], "uv": [24, 43], "inflate": -0.5},
					{"origin": [-4, 11.4, -1.5], "size": [1, 2, 3], "uv": [56, 29]},
					{"origin": [-4.6, 11.3, -0.8], "size": [1.1, 2.1, 1.5], "uv": [47, 31], "inflate": -0.5},
					{"origin": [-4.6, 11.3, -0.1], "size": [1.1, 2.1, 1.5], "uv": [47, 31], "inflate": -0.5},
					{"origin": [-4.6, 11.3, -1.5], "size": [1.1, 2.1, 1.5], "uv": [47, 31], "inflate": -0.5},
					{"origin": [-4, 11.4, -1.5], "size": [1, 2, 3], "uv": [56, 29]}
				]
			},
			{
				"name": "right_arm7",
				"parent": "right_arm6",
				"pivot": [-3.5, 11.4, 1],
				"cubes": [
					{"origin": [-4, 9.4, 0.5], "size": [1, 2, 1], "uv": [51, 24]}
				]
			},
			{
				"name": "right_arm8",
				"parent": "right_arm7",
				"pivot": [-3.5, 9.9, 1],
				"cubes": [
					{"origin": [-4, 8.4, 0.5], "size": [1, 2, 1], "uv": [19, 51], "inflate": -0.001}
				]
			},
			{
				"name": "right_arm9",
				"parent": "right_arm6",
				"pivot": [-3.5, 11.4, 0],
				"cubes": [
					{"origin": [-4, 9.4, -0.5], "size": [1, 2, 1], "uv": [15, 51]}
				]
			},
			{
				"name": "right_arm10",
				"parent": "right_arm9",
				"pivot": [-3.5, 9.9, 0],
				"cubes": [
					{"origin": [-4, 8.4, -0.5], "size": [1, 2, 1], "uv": [50, 41], "inflate": -0.001}
				]
			},
			{
				"name": "right_arm11",
				"parent": "right_arm6",
				"pivot": [-3.5, 11.4, -1],
				"cubes": [
					{"origin": [-4, 9.4, -1.5], "size": [1, 2, 1], "uv": [49, 15]}
				]
			},
			{
				"name": "right_arm12",
				"parent": "right_arm11",
				"pivot": [-3.5, 9.9, -1],
				"cubes": [
					{"origin": [-4, 8.4, -1.5], "size": [1, 2, 1], "uv": [48, 5], "inflate": -0.001}
				]
			},
			{
				"name": "right_arm13",
				"parent": "right_arm6",
				"pivot": [-3.5, 12.4, -1.5],
				"cubes": [
					{"origin": [-4, 10.4, -2.5], "size": [1, 2, 1], "uv": [33, 48]}
				]
			},
			{
				"name": "right_arm16",
				"parent": "right_arm4",
				"pivot": [-3.5, 20, 0],
				"cubes": [
					{"origin": [-4.5, 17, -1], "size": [2, 3, 2], "uv": [58, 58]}
				]
			},
			{
				"name": "right_arm15",
				"parent": "right_arm2",
				"pivot": [-3.5, 23, 0],
				"cubes": [
					{"origin": [-4.5, 20, -1], "size": [2, 3, 2], "uv": [58, 3]}
				]
			},
			{
				"name": "right_arm14",
				"parent": "right_arm",
				"pivot": [-3, 25, 0],
				"cubes": [
					{"origin": [-4.5, 23, -1], "size": [2, 3, 2], "uv": [58, 8]}
				]
			},
			{
				"name": "left_arm",
				"parent": "body5",
				"pivot": [3, 25, 0],
				"rotation": [0, 0, -15],
				"cubes": [
					{"origin": [2.46593, 22.74118, -1], "size": [2, 3, 2], "uv": [39, 56]}
				]
			},
			{
				"name": "left_arm2",
				"parent": "left_arm",
				"pivot": [3.46593, 22.74118, 0],
				"cubes": [
					{"origin": [2.46593, 19.74118, -1], "size": [2, 3, 2], "uv": [6, 56]}
				]
			},
			{
				"name": "left_arm3",
				"parent": "left_arm2",
				"pivot": [3.46593, 19.74118, 0],
				"cubes": [
					{"origin": [2.46593, 16.74118, -1], "size": [2, 3, 2], "uv": [55, 24]}
				]
			},
			{
				"name": "left_arm4",
				"parent": "left_arm3",
				"pivot": [3.46593, 16.74118, 0],
				"cubes": [
					{"origin": [2.46593, 13.74118, -1], "size": [2, 3, 2], "uv": [54, 49]}
				]
			},
			{
				"name": "left_arm5",
				"parent": "left_arm4",
				"pivot": [3.46593, 12.74118, 0.5]
			},
			{
				"name": "left_arm17",
				"parent": "left_arm4",
				"pivot": [3.46593, 16.74118, 0],
				"cubes": [
					{"origin": [2.46593, 13.74118, -1], "size": [2, 3, 2], "uv": [54, 49]}
				]
			},
			{
				"name": "left_arm6",
				"parent": "left_arm17",
				"pivot": [3.46593, 13.71618, 0],
				"cubes": [
					{"origin": [1.16593, 12.34118, -2.3], "size": [4.6, 1.9, 4.6], "uv": [12, 41], "inflate": -0.5},
					{"origin": [2.96593, 11.14118, -1.5], "size": [1, 2, 3], "uv": [56, 29]},
					{"origin": [3.46593, 11.04118, -0.1], "size": [1.1, 2.1, 1.5], "uv": [48, 31], "inflate": -0.5},
					{"origin": [3.46593, 11.04118, -1.5], "size": [1.1, 2.1, 1.5], "uv": [48, 31], "inflate": -0.5},
					{"origin": [3.46593, 11.04118, -0.8], "size": [1.1, 2.1, 1.5], "uv": [48, 31], "inflate": -0.5},
					{"origin": [2.96593, 11.14118, -1.5], "size": [1, 2, 3], "uv": [56, 29]}
				]
			},
			{
				"name": "left_arm7",
				"parent": "left_arm6",
				"pivot": [3.46593, 11.14118, 1],
				"cubes": [
					{"origin": [2.96593, 9.14118, 0.5], "size": [1, 2, 1], "uv": [46, 41]}
				]
			},
			{
				"name": "left_arm8",
				"parent": "left_arm7",
				"pivot": [3.46593, 9.64118, 1],
				"cubes": [
					{"origin": [2.96593, 8.14118, 0.5], "size": [1, 2, 1], "uv": [45, 15], "inflate": -0.001}
				]
			},
			{
				"name": "left_arm9",
				"parent": "left_arm6",
				"pivot": [3.46593, 11.14118, 0],
				"cubes": [
					{"origin": [2.96593, 9.14118, -0.5], "size": [1, 2, 1], "uv": [24, 41]}
				]
			},
			{
				"name": "left_arm10",
				"parent": "left_arm9",
				"pivot": [3.46593, 9.64118, 0],
				"cubes": [
					{"origin": [2.96593, 8.14118, -0.5], "size": [1, 2, 1], "uv": [40, 0], "inflate": -0.001}
				]
			},
			{
				"name": "left_arm11",
				"parent": "left_arm6",
				"pivot": [3.46593, 11.14118, -1],
				"cubes": [
					{"origin": [2.96593, 9.14118, -1.5], "size": [1, 2, 1], "uv": [38, 19]}
				]
			},
			{
				"name": "left_arm12",
				"parent": "left_arm11",
				"pivot": [3.46593, 9.64118, -1],
				"cubes": [
					{"origin": [2.96593, 8.14118, -1.5], "size": [1, 2, 1], "uv": [9, 38], "inflate": -0.001}
				]
			},
			{
				"name": "left_arm13",
				"parent": "left_arm6",
				"pivot": [3.46593, 12.14118, -1.5],
				"cubes": [
					{"origin": [2.96593, 10.14118, -2.5], "size": [1, 2, 1], "uv": [0, 38]}
				]
			},
			{
				"name": "left_arm16",
				"parent": "left_arm3",
				"pivot": [3.46593, 19.74118, 0],
				"cubes": [
					{"origin": [2.46593, 16.74118, -1], "size": [2, 3, 2], "uv": [55, 24]}
				]
			},
			{
				"name": "left_arm15",
				"parent": "left_arm2",
				"pivot": [3.46593, 22.74118, 0],
				"cubes": [
					{"origin": [2.46593, 19.74118, -1], "size": [2, 3, 2], "uv": [6, 56]}
				]
			},
			{
				"name": "left_arm14",
				"parent": "left_arm",
				"pivot": [3, 25, 4],
				"cubes": [
					{"origin": [2.46593, 22.74118, -1], "size": [2, 3, 2], "uv": [39, 56]}
				]
			},
			{
				"name": "neck",
				"parent": "body5",
				"pivot": [0, 26, 0],
				"cubes": [
					{"origin": [-1, 26, -1], "size": [2, 1, 2], "uv": [43, 24]}
				]
			},
			{
				"name": "neck2",
				"parent": "neck",
				"pivot": [0, 27, 0],
				"cubes": [
					{"origin": [-1, 27, -1], "size": [2, 1, 2], "uv": [43, 24]}
				]
			},
			{
				"name": "neck3",
				"parent": "neck2",
				"pivot": [0, 28, 0],
				"cubes": [
					{"origin": [-1, 28, -1], "size": [2, 1, 2], "uv": [43, 24]}
				]
			},
			{
				"name": "neck4",
				"parent": "neck3",
				"pivot": [0, 29, 0],
				"cubes": [
					{"origin": [-1, 29, -1], "size": [2, 1, 2], "uv": [43, 24]}
				]
			},
			{
				"name": "neck5",
				"parent": "neck4",
				"pivot": [0, 30, 0],
				"cubes": [
					{"origin": [-1, 30, -1], "size": [2, 1, 2], "uv": [43, 24]}
				]
			},
			{
				"name": "neck6",
				"parent": "neck5",
				"pivot": [0, 31, 0],
				"cubes": [
					{"origin": [-1, 31, -1], "size": [2, 1, 2], "uv": [43, 24]}
				]
			},
			{
				"name": "neck7",
				"parent": "neck6",
				"pivot": [0, 32, 0],
				"cubes": [
					{"origin": [-1, 32, -1], "size": [2, 1, 2], "uv": [43, 24]}
				]
			},
			{
				"name": "head",
				"parent": "neck7",
				"pivot": [0, 33, 0],
				"cubes": [
					{"origin": [-4, 34, 3], "size": [8, 7, 1], "uv": [38, 28], "inflate": 0.01},
					{"origin": [-3, 36, -3.7], "size": [6, 4, 1.7], "uv": [46, 36]},
					{"origin": [-3, 40, -3], "size": [6, 1, 6], "uv": [22, 0]},
					{"origin": [-3, 36, -2], "size": [6, 4, 5], "uv": [0, 25]},
					{"origin": [-4.5, 39.5, -4.5], "size": [9, 2, 2], "uv": [28, 7], "inflate": -0.5},
					{"origin": [-3.9, 35.2, -4.5], "size": [7.8, 2.3, 2], "uv": [40, 11], "inflate": -0.5},
					{"origin": [-1.1, 35.4, -4.7], "size": [2.2, 1.7, 1.2], "uv": [0, 6], "inflate": -0.5},
					{"origin": [-0.9, 36.1, -4.7], "size": [1.8, 1.3, 1.2], "uv": [59, 44], "inflate": -0.5},
					{"origin": [2.5, 33.5, -4.5], "size": [1.4, 2.7, 2], "uv": [0, 34], "inflate": -0.5},
					{"origin": [-3.5, 33.5, -2.5], "size": [7, 1.5, 6], "uv": [0, 9], "inflate": -0.5},
					{"origin": [-3.9, 33.5, -4.5], "size": [1.4, 2.7, 2], "uv": [22, 0], "inflate": -0.5},
					{"origin": [-4.5, 36.5, -4.5], "size": [2, 4, 2], "uv": [52, 54], "inflate": -0.5},
					{"origin": [2.5, 36.5, -4.5], "size": [2, 4, 2], "uv": [16, 54], "inflate": -0.5},
					{"origin": [-1, 36.5, -4.5], "size": [2, 4, 2], "uv": [0, 0], "inflate": -0.5},
					{"origin": [3, 34, -3], "size": [1, 7, 6], "uv": [30, 30]},
					{"origin": [-4, 34, -3], "size": [1, 7, 6], "uv": [16, 28]}
				]
			},
			{
				"name": "jaw",
				"parent": "head",
				"pivot": [0, 34, 3],
				"cubes": [
					{"origin": [-3.5, 33, -4], "size": [7, 1, 8], "uv": [0, 0]},
					{"origin": [3.4, 34, -4], "size": [1, 3, 7], "uv": [37, 37]},
					{"origin": [-4.4, 34, -4], "size": [1, 3, 7], "uv": [0, 34]},
					{"origin": [-4, 34, 3], "size": [8, 3, 1], "uv": [38, 28]}
				]
			},
			{
				"name": "mouth",
				"parent": "jaw",
				"pivot": [0, 34, -2.4],
				"cubes": [
					{"origin": [-2, 33, -4.4], "size": [4, 2, 3], "uv": [0, 44], "inflate": -0.5},
					{"origin": [-2, 34, -4.3], "size": [1.4, 1.4, 1.4], "uv": [56, 2], "inflate": -0.5},
					{"origin": [-0.5, 34, -4.3], "size": [1.4, 1.4, 1.4], "uv": [56, 0], "inflate": -0.5},
					{"origin": [-1.5, 34, -4.3], "size": [1.4, 1.4, 1.4], "uv": [45, 56], "inflate": -0.5},
					{"origin": [0, 34, -4.3], "size": [1.4, 1.4, 1.4], "uv": [12, 56], "inflate": -0.5},
					{"origin": [-1, 34, -4.3], "size": [1.4, 1.4, 1.4], "uv": [54, 41], "inflate": -0.5},
					{"origin": [0.5, 34, -4.3], "size": [1.4, 1.4, 1.4], "uv": [54, 20], "inflate": -0.5}
				]
			},
			{
				"name": "mouth2",
				"parent": "mouth",
				"pivot": [1.6, 33.9, -2.4],
				"rotation": [0, 0, -20],
				"cubes": [
					{"origin": [0.86922, 33.05832, -4.4], "size": [2.8, 2, 3], "uv": [50, 5], "inflate": -0.5},
					{"origin": [0.80424, 34.02268, -4.3], "size": [1.4, 1.4, 1.4], "uv": [53, 15], "inflate": -0.5},
					{"origin": [1.30424, 34.02268, -4.3], "size": [1.4, 1.4, 1.4], "uv": [33, 51], "inflate": -0.5},
					{"origin": [1.80424, 34.02268, -4.3], "size": [1.4, 1.4, 1.4], "uv": [6, 49], "inflate": -0.5},
					{"origin": [2.18615, 33.92007, -4.3], "size": [1.4, 1.4, 1.4], "uv": [44, 47], "inflate": -0.5},
					{"origin": [2.18615, 33.92007, -3.3], "size": [1.4, 1.4, 1.4], "uv": [44, 47], "inflate": -0.5},
					{"origin": [2.18615, 33.92007, -3.8], "size": [1.4, 1.4, 1.4], "uv": [44, 47], "inflate": -0.5},
					{"origin": [2.18615, 33.92007, -2.8], "size": [1.4, 1.4, 1.4], "uv": [44, 47], "inflate": -0.5}
				]
			},
			{
				"name": "mouth3",
				"parent": "mouth",
				"pivot": [-1.6, 34, -2.4],
				"rotation": [0, 0, 20],
				"cubes": [
					{"origin": [-3.63502, 33.06436, -4.4], "size": [2.8, 2, 3], "uv": [24, 28], "inflate": -0.5},
					{"origin": [-3.25798, 34.06031, -4.3], "size": [1.4, 1.4, 1.4], "uv": [17, 28], "inflate": -0.5},
					{"origin": [-3.63386, 33.9235, -4.3], "size": [1.4, 1.4, 1.4], "uv": [24, 9], "inflate": -0.5},
					{"origin": [-3.63386, 33.9235, -3.8], "size": [1.4, 1.4, 1.4], "uv": [24, 9], "inflate": -0.5},
					{"origin": [-3.63386, 33.9235, -3.3], "size": [1.4, 1.4, 1.4], "uv": [24, 9], "inflate": -0.5},
					{"origin": [-3.63386, 33.9235, -2.8], "size": [1.4, 1.4, 1.4], "uv": [24, 9], "inflate": -0.5},
					{"origin": [-2.75798, 34.06031, -4.3], "size": [1.4, 1.4, 1.4], "uv": [22, 4], "inflate": -0.5},
					{"origin": [-2.25798, 34.06031, -4.3], "size": [1.4, 1.4, 1.4], "uv": [19, 19], "inflate": -0.5}
				]
			},
			{
				"name": "bone",
				"parent": "head",
				"pivot": [4.5, 35.5, -0.5],
				"cubes": [
					{"origin": [3.4, 34, -4], "size": [1, 3, 7], "uv": [37, 37]}
				]
			},
			{
				"name": "bone2",
				"parent": "head",
				"pivot": [-4.4, 35.5, -0.5],
				"cubes": [
					{"origin": [-4.4, 34, -4], "size": [1, 3, 7], "uv": [0, 34]}
				]
			},
			{
				"name": "eye",
				"parent": "head",
				"pivot": [1.75, 38.2, -3.6],
				"cubes": [
					{"origin": [0.8, 36.9, -3.8], "size": [1.9, 2.6, 1], "uv": [12, 36]}
				]
			},
			{
				"name": "eye2",
				"parent": "head",
				"pivot": [-1.75, 38.2, -3.6],
				"cubes": [
					{"origin": [-2.7, 36.9, -3.8], "size": [1.9, 2.6, 1], "uv": [9, 34]}
				]
			},
			{
				"name": "mouth4",
				"parent": "head",
				"pivot": [0, 35.8, -2.4],
				"rotation": [0, 0, -180],
				"cubes": [
					{"origin": [-2, 34.8, -4.4], "size": [4, 2, 3], "uv": [11, 46], "inflate": -0.5},
					{"origin": [-1.9, 35.8, -4.3], "size": [1.4, 1.4, 1.4], "uv": [59, 40], "inflate": -0.5},
					{"origin": [-0.4, 35.8, -4.3], "size": [1.4, 1.4, 1.4], "uv": [59, 35], "inflate": -0.5},
					{"origin": [-1.4, 35.8, -4.3], "size": [1.4, 1.4, 1.4], "uv": [59, 15], "inflate": -0.5},
					{"origin": [0.1, 35.8, -4.3], "size": [1.4, 1.4, 1.4], "uv": [59, 1], "inflate": -0.5},
					{"origin": [-0.9, 35.8, -4.3], "size": [1.4, 1.4, 1.4], "uv": [47, 59], "inflate": -0.5},
					{"origin": [0.6, 35.8, -4.3], "size": [1.4, 1.4, 1.4], "uv": [58, 54], "inflate": -0.5}
				]
			},
			{
				"name": "mouth5",
				"parent": "mouth4",
				"pivot": [1.6, 35.9, -2.4],
				"rotation": [0, 0, 20],
				"cubes": [
					{"origin": [0.86922, 34.74168, -4.4], "size": [2.8, 2, 3], "uv": [52, 44], "inflate": -0.5},
					{"origin": [0.96922, 35.74168, -4.3], "size": [1.4, 1.4, 1.4], "uv": [58, 13], "inflate": -0.5},
					{"origin": [1.46922, 35.74168, -4.3], "size": [1.4, 1.4, 1.4], "uv": [35, 58], "inflate": -0.5},
					{"origin": [2.18615, 35.67472, -4.3], "size": [1.4, 1.4, 1.4], "uv": [57, 42], "inflate": -0.5},
					{"origin": [1.98615, 35.67472, -4.3], "size": [1.2, 1.4, 1.4], "uv": [57, 42], "inflate": -0.5},
					{"origin": [2.18615, 35.67472, -3.3], "size": [1.4, 1.4, 1.4], "uv": [57, 42], "inflate": -0.5},
					{"origin": [2.18615, 35.67472, -3.8], "size": [1.4, 1.4, 1.4], "uv": [57, 42], "inflate": -0.5},
					{"origin": [2.18615, 35.67472, -2.8], "size": [1.4, 1.4, 1.4], "uv": [57, 42], "inflate": -0.5}
				]
			},
			{
				"name": "mouth6",
				"parent": "mouth4",
				"pivot": [-1.4, 35.8, -2.4],
				"rotation": [0, 0, -20],
				"cubes": [
					{"origin": [-3.62296, 34.80405, -4.4], "size": [2.8, 2, 3], "uv": [8, 51], "inflate": -0.5},
					{"origin": [-2.74592, 35.8, -4.3], "size": [1.4, 1.4, 1.4], "uv": [57, 21], "inflate": -0.5},
					{"origin": [-3.5218, 35.66319, -4.3], "size": [1.4, 1.4, 1.4], "uv": [48, 57], "inflate": -0.5},
					{"origin": [-3.1218, 35.66319, -4.3], "size": [1.3, 1.4, 1.4], "uv": [48, 57], "inflate": -0.5},
					{"origin": [-3.5218, 35.66319, -3.3], "size": [1.4, 1.4, 1.4], "uv": [48, 57], "inflate": -0.5},
					{"origin": [-3.5218, 35.66319, -3.8], "size": [1.4, 1.4, 1.4], "uv": [48, 57], "inflate": -0.5},
					{"origin": [-3.5218, 35.66319, -2.8], "size": [1.4, 1.4, 1.4], "uv": [48, 57], "inflate": -0.5},
					{"origin": [-2.24592, 35.8, -4.3], "size": [1.4, 1.4, 1.4], "uv": [26, 57], "inflate": -0.5}
				]
			},
			{
				"name": "cen_ear",
				"parent": "head",
				"pivot": [3, 40, 0],
				"rotation": [0, 0, 20]
			},
			{
				"name": "ear3",
				"parent": "cen_ear",
				"pivot": [1, 40, 0],
				"rotation": [0, 0, 15],
				"cubes": [
					{"origin": [1, 40, 0], "size": [1, 4, 1], "uv": [0, 25], "inflate": 0.001},
					{"origin": [1.9, 40, 0], "size": [1.1, 2.2, 1], "uv": [30, 33]}
				]
			},
			{
				"name": "ear",
				"parent": "cen_ear",
				"pivot": [3, 40, 0],
				"rotation": [0, 0, -15],
				"cubes": [
					{"origin": [3.06815, 38.98174, 0], "size": [1, 5, 1], "uv": [20, 9], "inflate": 0.001}
				]
			},
			{
				"name": "cen_ear2",
				"parent": "head",
				"pivot": [-3, 40, 1],
				"rotation": [0, 180, -20]
			},
			{
				"name": "ear2",
				"parent": "cen_ear2",
				"pivot": [-5, 40, 1],
				"rotation": [0, 0, 15],
				"cubes": [
					{"origin": [-5, 40, 1], "size": [1, 4, 1], "uv": [0, 16], "inflate": 0.001},
					{"origin": [-4.1, 40, 1], "size": [1.1, 2.2, 1], "uv": [31, 28]}
				]
			},
			{
				"name": "ear4",
				"parent": "cen_ear2",
				"pivot": [-3, 40, 1],
				"rotation": [0, 0, -15],
				"cubes": [
					{"origin": [-2.93185, 38.98174, 1], "size": [1, 5, 1], "uv": [0, 9], "inflate": 0.001}
				]
			},
			{
				"name": "neck8",
				"parent": "neck7",
				"pivot": [0, 26, 0],
				"cubes": [
					{"origin": [-1, 26, -1], "size": [2, 1, 2], "uv": [43, 24]}
				]
			},
			{
				"name": "neck9",
				"parent": "neck8",
				"pivot": [0, 27, 0],
				"cubes": [
					{"origin": [-1, 27, -1], "size": [2, 1, 2], "uv": [43, 24]}
				]
			},
			{
				"name": "neck10",
				"parent": "neck9",
				"pivot": [0, 28, 0],
				"cubes": [
					{"origin": [-1, 28, -1], "size": [2, 1, 2], "uv": [43, 24]}
				]
			},
			{
				"name": "neck11",
				"parent": "neck10",
				"pivot": [0, 29, 0],
				"cubes": [
					{"origin": [-1, 29, -1], "size": [2, 1, 2], "uv": [43, 24]}
				]
			},
			{
				"name": "neck12",
				"parent": "neck11",
				"pivot": [0, 30, 0],
				"cubes": [
					{"origin": [-1, 30, -1], "size": [2, 1, 2], "uv": [43, 24]}
				]
			},
			{
				"name": "neck13",
				"parent": "neck12",
				"pivot": [0, 31, 0],
				"cubes": [
					{"origin": [-1, 31, -1], "size": [2, 1, 2], "uv": [43, 24]}
				]
			},
			{
				"name": "neck14",
				"parent": "neck13",
				"pivot": [0, 32, 0],
				"cubes": [
					{"origin": [-1, 32, -1], "size": [2, 1, 2], "uv": [43, 24]}
				]
			},
			{
				"name": "body7",
				"parent": "body5",
				"pivot": [0, 22, 0],
				"cubes": [
					{"origin": [-3.5, 22, -2.4], "size": [7, 3, 5], "uv": [19, 20]},
					{"origin": [-3, 25, -2], "size": [6, 1, 4], "uv": [38, 19]}
				]
			},
			{
				"name": "body6",
				"parent": "body2",
				"pivot": [0, 18, 0],
				"cubes": [
					{"origin": [-3.5, 18, -2.4], "size": [7, 4, 5], "uv": [0, 16]}
				]
			},
			{
				"name": "body3",
				"parent": "body4",
				"pivot": [0, 15, 0],
				"cubes": [
					{"origin": [-3.5, 15, -2.4], "size": [7, 3, 5], "uv": [21, 11]},
					{"origin": [-3, 14, -2], "size": [6, 1, 4], "uv": [40, 0]}
				]
			},
			{
				"name": "right_leg",
				"parent": "all",
				"pivot": [-2, 14, 0],
				"cubes": [
					{"origin": [-3, 12, -1], "size": [2, 2, 2], "uv": [0, 49]}
				]
			},
			{
				"name": "right_leg3",
				"parent": "right_leg",
				"pivot": [-2, 12, 0],
				"cubes": [
					{"origin": [-3, 10, -1], "size": [2, 2, 2], "uv": [0, 49]}
				]
			},
			{
				"name": "right_leg4",
				"parent": "right_leg3",
				"pivot": [-2, 10, 0],
				"cubes": [
					{"origin": [-3, 8, -1], "size": [2, 2, 2], "uv": [0, 49]}
				]
			},
			{
				"name": "right_leg2",
				"parent": "right_leg4",
				"pivot": [-2, 8, 0],
				"cubes": [
					{"origin": [-3, 6, -1], "size": [2, 2, 2], "uv": [25, 48]}
				]
			},
			{
				"name": "right_leg5",
				"parent": "right_leg2",
				"pivot": [-2, 6, 0],
				"cubes": [
					{"origin": [-3, 4, -1], "size": [2, 2, 2], "uv": [25, 48]}
				]
			},
			{
				"name": "right_leg6",
				"parent": "right_leg5",
				"pivot": [-2, 4, 0],
				"cubes": [
					{"origin": [-3, 2, -1], "size": [2, 2, 2], "uv": [25, 48]}
				]
			},
			{
				"name": "right_leg7",
				"parent": "right_leg6",
				"pivot": [-2, 2, 0],
				"cubes": [
					{"origin": [-3, 0, -1], "size": [2, 2, 2], "uv": [25, 48]}
				]
			},
			{
				"name": "left_leg3",
				"parent": "all",
				"pivot": [2, 14, 0],
				"cubes": [
					{"origin": [1, 12, -1], "size": [2, 2, 2], "uv": [46, 47]}
				]
			},
			{
				"name": "left_leg2",
				"parent": "left_leg3",
				"pivot": [2, 12, 0],
				"cubes": [
					{"origin": [1, 10, -1], "size": [2, 2, 2], "uv": [46, 47]}
				]
			},
			{
				"name": "left_leg5",
				"parent": "left_leg2",
				"pivot": [2, 10, 0],
				"cubes": [
					{"origin": [1, 8, -1], "size": [2, 2, 2], "uv": [46, 47]}
				]
			},
			{
				"name": "left_leg4",
				"parent": "left_leg5",
				"pivot": [2, 8, 0],
				"cubes": [
					{"origin": [1, 6, -1], "size": [2, 2, 2], "uv": [38, 47]}
				]
			},
			{
				"name": "left_leg6",
				"parent": "left_leg4",
				"pivot": [2, 6, 0],
				"cubes": [
					{"origin": [1, 4, -1], "size": [2, 2, 2], "uv": [38, 47]}
				]
			},
			{
				"name": "left_leg7",
				"parent": "left_leg6",
				"pivot": [2, 4, 0],
				"cubes": [
					{"origin": [1, 2, -1], "size": [2, 2, 2], "uv": [38, 49]}
				]
			},
			{
				"name": "left_leg8",
				"parent": "left_leg7",
				"pivot": [2, 2, 0],
				"cubes": [
					{"origin": [1, 0, -1], "size": [2, 2, 2], "uv": [38, 52]}
				]
			},
			{
				"name": "blood",
				"parent": "all",
				"pivot": [0.05, 29.2, -2.6],
				"locators": {
					"eat": [0, 29, -4]
				}
			}
		]
	}
}