{
	"format_version": "1.10.0",
	"geometry.light_head": {
		"texturewidth": 138,
		"textureheight": 138,
		"visible_bounds_width": 3,
		"visible_bounds_height": 10,
		"visible_bounds_offset": [0, 2, 0],
		"bones": [
			{
				"name": "all",
				"pivot": [0, 0, 0]
			},
			{
				"name": "rightleg",
				"parent": "all",
				"pivot": [4, 40, 0],
				"cubes": [
					{"origin": [2, 22, -2], "size": [4, 18, 4], "uv": [66, 66]}
				]
			},
			{
				"name": "rightleg3",
				"parent": "rightleg",
				"pivot": [4, 22, 0],
				"cubes": [
					{"origin": [2, 1, -2], "size": [1, 21, 4], "uv": [82, 82]},
					{"origin": [5, 1, -2], "size": [1, 21, 4], "uv": [48, 81]},
					{"origin": [3, 1, -2], "size": [2, 2, 4], "uv": [54, 112]},
					{"origin": [3, 19, -2], "size": [2, 3, 4], "uv": [101, 110]}
				]
			},
			{
				"name": "right_feet",
				"parent": "rightleg3",
				"pivot": [4, 1, 0],
				"cubes": [
					{"origin": [1.6, 0, -2], "size": [4.4, 1, 4.3], "uv": [35, 0], "inflate": 0.001},
					{"origin": [5, 0, -6], "size": [1, 1, 4], "uv": [42, 5]},
					{"origin": [3, 0, -6], "size": [1, 1, 4], "uv": [26, 114]},
					{"origin": [1, 0, -5], "size": [1, 1, 4], "uv": [36, 114]}
				]
			},
			{
				"name": "leftleg",
				"parent": "all",
				"pivot": [-4, 40, 0],
				"cubes": [
					{"origin": [-6, 22, -2], "size": [4, 18, 4], "uv": [0, 61]}
				]
			},
			{
				"name": "leftleg2",
				"parent": "leftleg",
				"pivot": [-4, 22, 0],
				"cubes": [
					{"origin": [-6, 1, -2], "size": [1, 21, 4], "uv": [72, 20]},
					{"origin": [-3, 1, -2], "size": [1, 21, 4], "uv": [16, 61]},
					{"origin": [-5, 1, -2], "size": [2, 2, 4], "uv": [111, 46]},
					{"origin": [-5, 19, -2], "size": [2, 3, 4], "uv": [89, 110]}
				]
			},
			{
				"name": "left_feet",
				"parent": "leftleg2",
				"pivot": [-4, 1, 0],
				"cubes": [
					{"origin": [-6, 0, -2], "size": [4.4, 1, 4.3], "uv": [66, 0], "inflate": 0.001},
					{"origin": [-6, 0, -6], "size": [1, 1, 4], "uv": [49, 25]},
					{"origin": [-4, 0, -6], "size": [1, 1, 4], "uv": [78, 62]},
					{"origin": [-2, 0, -5], "size": [1, 1, 4], "uv": [37, 87]}
				]
			},
			{
				"name": "slam",
				"parent": "all",
				"pivot": [0, 12, 0],
				"locators": {
					"stump": [0, 11, 0]
				}
			},
			{
				"name": "warn",
				"parent": "all",
				"pivot": [0, 23, 0],
				"locators": {
					"warn": [0, 22, 0]
				}
			},
			{
				"name": "body",
				"parent": "all",
				"pivot": [0, 40, 0],
				"cubes": [
					{"origin": [-6, 40, -3], "size": [4, 7, 7], "uv": [65, 5]},
					{"origin": [2, 40, -3], "size": [4, 7, 7], "uv": [63, 46]},
					{"origin": [-2, 40, -2], "size": [4, 7, 6], "uv": [78, 39]}
				]
			},
			{
				"name": "body2",
				"parent": "body",
				"pivot": [0, 48, 0],
				"cubes": [
					{"origin": [-4, 47, -2], "size": [9, 9, 5], "uv": [32, 32]}
				]
			},
			{
				"name": "body3",
				"parent": "body2",
				"pivot": [0, 56, 0],
				"cubes": [
					{"origin": [-7, 56, -3], "size": [14, 17, 7], "uv": [0, 0]},
					{"origin": [7, 69, -2], "size": [1, 4, 4], "uv": [70, 111]},
					{"origin": [-8, 69, -2], "size": [1, 4, 4], "uv": [16, 111]}
				]
			},
			{
				"name": "rightarm",
				"parent": "body3",
				"pivot": [9, 70.5, 0],
				"cubes": [
					{"origin": [8, 40, -2], "size": [4, 33, 4], "uv": [16, 24]}
				]
			},
			{
				"name": "rightarm2",
				"parent": "rightarm",
				"pivot": [10, 40, 0],
				"cubes": [
					{"origin": [8, 15, -2], "size": [1, 25, 4], "uv": [60, 24]},
					{"origin": [11, 15, -2], "size": [1, 25, 4], "uv": [28, 58]},
					{"origin": [9, 15, -2], "size": [2, 3, 4], "uv": [42, 110]},
					{"origin": [9, 34, -2], "size": [2, 6, 4], "uv": [92, 92]}
				]
			},
			{
				"name": "righthand",
				"parent": "rightarm2",
				"pivot": [10, 15, 0],
				"cubes": [
					{"origin": [8, 12, -1], "size": [4, 3, 2], "uv": [113, 113]}
				]
			},
			{
				"name": "righthand2",
				"parent": "righthand",
				"pivot": [11.5, 12, -0.5],
				"rotation": [10, 0, -10],
				"cubes": [
					{"origin": [11, 11, -1], "size": [1, 1, 1], "uv": [16, 24]}
				]
			},
			{
				"name": "righthand7",
				"parent": "righthand2",
				"pivot": [11.5, 11, -0.5],
				"rotation": [15, 0, 0],
				"cubes": [
					{"origin": [11, 9, -1], "size": [1, 2, 1], "uv": [55, 33]}
				]
			},
			{
				"name": "righthand3",
				"parent": "righthand",
				"pivot": [10.5, 12, -0.5],
				"rotation": [10, 0, -5],
				"cubes": [
					{"origin": [10, 10, -1], "size": [1, 2, 1], "uv": [55, 30]}
				]
			},
			{
				"name": "righthand8",
				"parent": "righthand3",
				"pivot": [10.5, 10.5, -0.5],
				"rotation": [10, 0, 0],
				"cubes": [
					{"origin": [10, 8, -1], "size": [1, 3, 1], "uv": [49, 49]}
				]
			},
			{
				"name": "righthand4",
				"parent": "righthand",
				"pivot": [9.5, 12, -0.5],
				"rotation": [5, 0, 0],
				"cubes": [
					{"origin": [9, 9, -1], "size": [1, 3, 1], "uv": [48, 5]}
				]
			},
			{
				"name": "righthand9",
				"parent": "righthand4",
				"pivot": [9.5, 9.5, -0.5],
				"rotation": [15, 0, 0],
				"cubes": [
					{"origin": [9, 7, -1], "size": [1, 3, 1], "uv": [42, 5]}
				]
			},
			{
				"name": "righthand5",
				"parent": "righthand",
				"pivot": [8.5, 12, -0.5],
				"rotation": [0, 0, 10],
				"cubes": [
					{"origin": [8, 10, -1], "size": [1, 2, 1], "uv": [55, 25]}
				]
			},
			{
				"name": "righthand10",
				"parent": "righthand5",
				"pivot": [8.5, 10.5, -0.5],
				"rotation": [15, 0, 0],
				"cubes": [
					{"origin": [8, 8, -1], "size": [1, 3, 1], "uv": [35, 0]}
				]
			},
			{
				"name": "righthand6",
				"parent": "righthand",
				"pivot": [8, 14, 0],
				"rotation": [0, 0, 10],
				"cubes": [
					{"origin": [7, 12, -1], "size": [1, 2, 2], "uv": [47, 0]}
				]
			},
			{
				"name": "righthand11",
				"parent": "righthand6",
				"pivot": [7.5, 12.5, 0],
				"rotation": [10, 0, 0],
				"cubes": [
					{"origin": [7, 10, -1], "size": [1, 3, 2], "uv": [82, 30]}
				]
			},
			{
				"name": "arm1",
				"parent": "righthand",
				"pivot": [10, 14.5, 0],
				"locators": {
					"arm1": [10, 15, 0]
				}
			},
			{
				"name": "head",
				"parent": "body3",
				"pivot": [0, 72.75, 0.5],
				"cubes": [
					{"origin": [-3, 73, -2], "size": [6, 1, 5], "uv": [32, 25]},
					{"origin": [-1, 74, -0.5], "size": [2, 20, 2], "uv": [120, 0]},
					{"origin": [-3, 74, -0.5], "size": [2, 20, 2], "uv": [120, 0]},
					{"origin": [1, 74, -0.5], "size": [2, 20, 2], "uv": [120, 0]},
					{"origin": [-4, 88, -13.5], "size": [8, 4, 12], "uv": [98, 122]},
					{"origin": [-5, 92, -13.5], "size": [10, 2, 13], "uv": [0, 123]}
				]
			},
			{
				"name": "leftarm",
				"parent": "body3",
				"pivot": [-9, 70.5, 0],
				"cubes": [
					{"origin": [-12, 40, -2], "size": [4, 33, 4], "uv": [0, 24]}
				]
			},
			{
				"name": "leftarm2",
				"parent": "leftarm",
				"pivot": [-10, 40, 0],
				"cubes": [
					{"origin": [-9, 15, -2], "size": [1, 25, 4], "uv": [38, 58]},
					{"origin": [-11, 15, -2], "size": [2, 3, 4], "uv": [62, 108]},
					{"origin": [-11, 35, -2], "size": [2, 5, 4], "uv": [89, 52]},
					{"origin": [-12, 15, -2], "size": [1, 25, 4], "uv": [56, 56]}
				]
			},
			{
				"name": "lefthand",
				"parent": "leftarm2",
				"pivot": [-10, 14.5, 0],
				"cubes": [
					{"origin": [-12, 12, -1], "size": [4, 3, 2], "uv": [6, 94]}
				]
			},
			{
				"name": "lefthand2",
				"parent": "lefthand",
				"pivot": [-8.5, 12, -0.5],
				"rotation": [0, 0, -5],
				"cubes": [
					{"origin": [-9, 10, -1], "size": [1, 2, 1], "uv": [53, 46]}
				]
			},
			{
				"name": "lefthand11",
				"parent": "lefthand2",
				"pivot": [-8.5, 10.6, -0.5],
				"rotation": [15, 0, 0],
				"cubes": [
					{"origin": [-9, 8, -1], "size": [1, 3, 1], "uv": [32, 25]}
				]
			},
			{
				"name": "lefthand3",
				"parent": "lefthand",
				"pivot": [-9.5, 12, -0.5],
				"cubes": [
					{"origin": [-10, 9, -1], "size": [1, 3, 1], "uv": [32, 32]}
				]
			},
			{
				"name": "lefthand10",
				"parent": "lefthand3",
				"pivot": [-9.5, 9.5, -0.5],
				"rotation": [25, 0, 0],
				"cubes": [
					{"origin": [-10, 7, -1], "size": [1, 3, 1], "uv": [28, 24]}
				]
			},
			{
				"name": "lefthand4",
				"parent": "lefthand",
				"pivot": [-10.5, 12, -0.5],
				"rotation": [0, 0, 5],
				"cubes": [
					{"origin": [-11, 10, -1], "size": [1, 2, 1], "uv": [49, 46]}
				]
			},
			{
				"name": "lefthand9",
				"parent": "lefthand4",
				"pivot": [-10.5, 10.5, -0.5],
				"rotation": [30, 0, 0],
				"cubes": [
					{"origin": [-11, 8, -1], "size": [1, 3, 1], "uv": [0, 24]}
				]
			},
			{
				"name": "lefthand5",
				"parent": "lefthand",
				"pivot": [-11.5, 12, -0.5],
				"rotation": [0, 0, 10],
				"cubes": [
					{"origin": [-12, 11, -1], "size": [1, 1, 1], "uv": [0, 5]}
				]
			},
			{
				"name": "lefthand8",
				"parent": "lefthand5",
				"pivot": [-11.5, 11, -0.5],
				"rotation": [30, 0, 0],
				"cubes": [
					{"origin": [-12, 9, -1], "size": [1, 2, 1], "uv": [49, 25]}
				]
			},
			{
				"name": "lefthand6",
				"parent": "lefthand",
				"pivot": [-8, 14, -0.5],
				"rotation": [0, 0, -10],
				"cubes": [
					{"origin": [-8, 12, -1], "size": [1, 2, 2], "uv": [12, 24]}
				]
			},
			{
				"name": "lefthand7",
				"parent": "lefthand6",
				"pivot": [-7.5, 12.5, -0.5],
				"rotation": [25, 0, 0],
				"cubes": [
					{"origin": [-8, 10, -1], "size": [1, 3, 2], "uv": [0, 0]}
				]
			},
			{
				"name": "arm2",
				"parent": "lefthand",
				"pivot": [-10, 14.5, 0],
				"locators": {
					"arm2": [-10, 15, 0]
				}
			},
			{
				"name": "bone50",
				"parent": "body2",
				"pivot": [-5.5, 47, 0.5],
				"rotation": [0, 0, 10],
				"cubes": [
					{"origin": [-5, 46, -2], "size": [1, 6, 5], "uv": [20, 90]}
				]
			},
			{
				"name": "bone51",
				"parent": "body2",
				"pivot": [-4.8, 52, 0.5],
				"rotation": [0, 0, -5],
				"cubes": [
					{"origin": [-4.3, 51, -2], "size": [1, 6, 5], "uv": [59, 0]}
				]
			},
			{
				"name": "bone49",
				"parent": "body",
				"pivot": [5.5, 47, 0.5],
				"rotation": [0, 0, 15],
				"cubes": [
					{"origin": [5, 46, -2], "size": [1, 2, 5], "uv": [81, 107]}
				]
			},
			{
				"name": "bone52",
				"parent": "body",
				"pivot": [-5.5, 47, 0.5],
				"rotation": [0, 0, -15],
				"cubes": [
					{"origin": [-6, 46, -2], "size": [1, 2, 5], "uv": [49, 49]}
				]
			}
		]
	}
}