{
	"format_version": "1.12.0",
	"minecraft:geometry": [
		{
			"description": {
				"identifier": "geometry.sound_wave",
				"texture_width": 64,
				"texture_height": 64,
				"visible_bounds_width": 4,
				"visible_bounds_height": 4,
				"visible_bounds_offset": [0, 1, 0]
			},
			"bones": [
				{
					"name": "all",
					"pivot": [0, 8, 0]
				},
				{
					"name": "octagon",
					"parent": "all",
					"pivot": [0, 8, -8],
					"cubes": [
						{"origin": [-3.31371, 0, -8.5], "size": [6.62742, 1, 1], "pivot": [0, 8, -8], "rotation": [0, 0, 22.5], "uv": [36, 36]},
						{"origin": [-3.31371, 0, -8.5], "size": [6.62742, 1, 1], "pivot": [0, 8, -8], "rotation": [0, 0, -22.5], "uv": [33, 26]},
						{"origin": [-3.31371, 15, -8.5], "size": [6.62742, 1, 1], "pivot": [0, 8, -8], "rotation": [0, 0, 22.5], "uv": [30, 15]},
						{"origin": [-3.31371, 15, -8.5], "size": [6.62742, 1, 1], "pivot": [0, 8, -8], "rotation": [0, 0, -22.5], "uv": [30, 10]},
						{"origin": [7, 4.68629, -8.5], "size": [1, 6.62742, 1], "pivot": [0, 8, -8], "rotation": [0, 0, 22.5], "uv": [42, 18]},
						{"origin": [7, 4.68629, -8.5], "size": [1, 6.62742, 1], "pivot": [0, 8, -8], "rotation": [0, 0, -22.5], "uv": [41, 41]},
						{"origin": [-8, 4.68629, -8.5], "size": [1, 6.62742, 1], "pivot": [0, 8, -8], "rotation": [0, 0, 22.5], "uv": [36, 39]},
						{"origin": [-8, 4.68629, -8.5], "size": [1, 6.62742, 1], "pivot": [0, 8, -8], "rotation": [0, 0, -22.5], "uv": [20, 37]}
					]
				},
				{
					"name": "octagon2",
					"parent": "all",
					"pivot": [0, 8, 8],
					"cubes": [
						{"origin": [-3.31371, 0, 7.5], "size": [6.62742, 1, 1], "pivot": [0, 8, 8], "rotation": [0, 0, 22.5], "uv": [30, 5]},
						{"origin": [-3.31371, 0, 7.5], "size": [6.62742, 1, 1], "pivot": [0, 8, 8], "rotation": [0, 0, -22.5], "uv": [30, 0]},
						{"origin": [-3.31371, 15, 7.5], "size": [6.62742, 1, 1], "pivot": [0, 8, 8], "rotation": [0, 0, 22.5], "uv": [27, 23]},
						{"origin": [-3.31371, 15, 7.5], "size": [6.62742, 1, 1], "pivot": [0, 8, 8], "rotation": [0, 0, -22.5], "uv": [24, 20]},
						{"origin": [7, 4.68629, 7.5], "size": [1, 6.62742, 1], "pivot": [0, 8, 8], "rotation": [0, 0, 22.5], "uv": [15, 37]},
						{"origin": [7, 4.68629, 7.5], "size": [1, 6.62742, 1], "pivot": [0, 8, 8], "rotation": [0, 0, -22.5], "uv": [10, 37]},
						{"origin": [-8, 4.68629, 7.5], "size": [1, 6.62742, 1], "pivot": [0, 8, 8], "rotation": [0, 0, 22.5], "uv": [5, 37]},
						{"origin": [-8, 4.68629, 7.5], "size": [1, 6.62742, 1], "pivot": [0, 8, 8], "rotation": [0, 0, -22.5], "uv": [0, 37]}
					]
				},
				{
					"name": "octagon3",
					"parent": "all",
					"pivot": [8, 0, -8],
					"cubes": [
						{"origin": [-6.62742, -8, -1.5], "size": [13.25483, 1, 3], "pivot": [0, 8, 0], "rotation": [0, 0, 22.5], "uv": [0, 15]},
						{"origin": [-6.62742, -8, -1.5], "size": [13.25483, 1, 3], "pivot": [0, 8, 0], "rotation": [0, 0, -22.5], "uv": [0, 10]},
						{"origin": [-6.62742, 23, -1.5], "size": [13.25483, 1, 3], "pivot": [0, 8, 0], "rotation": [0, 0, 22.5], "uv": [0, 5]},
						{"origin": [-6.62742, 23, -1.5], "size": [13.25483, 1, 3], "pivot": [0, 8, 0], "rotation": [0, 0, -22.5], "uv": [0, 0]},
						{"origin": [15, 1.37258, -1.5], "size": [1, 13.25483, 3], "pivot": [0, 8, 0], "rotation": [0, 0, 22.5], "uv": [27, 27]},
						{"origin": [15, 1.37258, -1.5], "size": [1, 13.25483, 3], "pivot": [0, 8, 0], "rotation": [0, 0, -22.5], "uv": [18, 20]},
						{"origin": [-16, 1.37258, -1.5], "size": [1, 13.25483, 3], "pivot": [0, 8, 0], "rotation": [0, 0, 22.5], "uv": [9, 20]},
						{"origin": [-16, 1.37258, -1.5], "size": [1, 13.25483, 3], "pivot": [0, 8, 0], "rotation": [0, 0, -22.5], "uv": [0, 20]}
					]
				}
			]
		}
	]
}