{
	"mob.cartoon_cat.laugh": {
        "category": "neutral",
        "max_distance": 20.0,
        "sounds": ["sounds/mob/cartoon_cat/laugh"]
    },
    "mob.sirenhead.idle": {
        "category": "neutral",
        "max_distance": 200.0,
        "sounds": ["sounds/mob/sirenhead/wo",
		"sounds/mob/sirenhead/siren1",
		"sounds/mob/sirenhead/siren2",
		"sounds/mob/sirenhead/siren3",
		"sounds/mob/sirenhead/siren4",
		"sounds/mob/sirenhead/siren5",
		"sounds/mob/sirenhead/siren6",
		"sounds/mob/sirenhead/siren7"
		]
    },
	"mob.sirenhead.step": {
        "category": "neutral",
        "max_distance": 50.0,
        "sounds": [
		"sounds/mob/sirenhead/step",
		"sounds/mob/sirenhead/step1",
		"sounds/mob/sirenhead/step2",
		"sounds/mob/sirenhead/step3",
		"sounds/mob/sirenhead/step4"
		]
    },
	"mob.sirenhead.attack": {
        "category": "neutral",
        "max_distance": 50.0,
        "sounds": ["sounds/mob/sirenhead/attack1", "sounds/mob/sirenhead/attack2"]
    },
	"mob.sirenhead.sound_wave": {
        "category": "neutral",
        "max_distance": 200.0,
        "sounds": ["sounds/mob/sirenhead/sound_wave"]
    },
	"mob.sirenhead.pick": {
        "category": "neutral",
        "max_distance": 50.0,
        "sounds": ["sounds/mob/sirenhead/sirenpick"]
    },
	"mob.sirenhead.stump": {
        "category": "neutral",
        "max_distance": 200.0,
        "sounds": ["sounds/mob/sirenhead/stump"]
    },
	"mob.cartoon_cat.idle": {
        "category": "neutral",
        "max_distance": 8.0,
        "sounds": ["sounds/mob/cartoon_cat/idle1", 
		"sounds/mob/cartoon_cat/idle2", 
		"sounds/mob/cartoon_cat/idle3", 
		"sounds/mob/cartoon_cat/idle4"]
    },
	"mob.cartoon_cat.punish": {
        "category": "neutral",
        "max_distance": 200.0,
        "sounds": ["sounds/mob/cartoon_cat/cat_punish"]
    },
	"mob.cartoon_cat.grab": {
        "category": "neutral",
        "max_distance": 100.0,
        "sounds": ["sounds/mob/cartoon_cat/grab",
			"sounds/mob/cartoon_cat/grab2"
		]
    },
	"mob.cartoon_cat.chase": {
        "category": "neutral",
        "max_distance": 500.0,
        "sounds": ["sounds/mob/cartoon_cat/chase", "sounds/mob/cartoon_cat/chase2"]
    }
}
