{
  "format_version": "1.13.0",
  "minecraft:entity": {
    "description": {
      "identifier": "ho:fog",
      "is_spawnable": false,
      "is_summonable": true,
      "is_experimental": false
    },
    "component_groups": {
      "minecraft:is_dead": {
        "minecraft:transformation": {
          "into": "ho:fog"
        }
      },
      "gone": {
        "minecraft:despawn": {}
      }
    },
    "components": {
      "minecraft:nameable": {},
      "minecraft:type_family": {
        "family": [
          "fog",
          "inanimate"
        ]
      },
      "minecraft:movement": {
        "value": 0.25
      },
      "minecraft:underwater_movement": {
        "value": 0.3
      },
      "minecraft:collision_box": {
        "width": 0,
        "height": 0
      },
      "minecraft:damage_sensor": {
        "triggers": [
          {
            "on_damage": {
              "filters": {
                "all_of": [
                  {
                    "test": "has_damage",
                    "value": "fatal"
                  }
                ]
              },
              "event": "minecraft:event_spawn_dead"
            }
          }
        ]
      },
      "minecraft:movement.basic": {},
      "minecraft:navigation.climb": {
        "can_path_over_water": true,
        "can_path_from_air": true,
        "can_pass_doors": true,
        "can_open_doors": true
      },
      "minecraft:timer": {
        "time": [
          90,
          120
        ],
        "looping": true,
        "time_down_event": {
          "event": "gone",
          "target": "self"
        }
      },
      "minecraft:annotation.break_door": {},
      "minecraft:jump.static": {
        "jump_power": 0.35
      },
      "minecraft:fire_immune": true,
      "minecraft:knockback_resistance": {
        "value": 100
      },
      "minecraft:can_climb": {},
      "minecraft:behavior.float": {
        "priority": 0
      },
      "minecraft:scale": {
        "value": 2.5
      },
      "minecraft:health": {
        "value": 8000,
        "max": 8000
      },
      "minecraft:attack": {
        "damage": 2000
      },
      "minecraft:fall_damage": {
        "value": 0
      },
      "minecraft:breathable": {
        "totalSupply": 15,
        "suffocateTime": 0,
        "breathesAir": true,
        "breathesWater": true
      },
      "minecraft:behavior.move_towards_restriction": {
        "priority": 5,
        "speed_multiplier": 1
      },
      "minecraft:behavior.random_stroll": {
        "priority": 6,
        "speed_multiplier": 1
      },
      "minecraft:behavior.look_at_player": {
        "priority": 7,
        "look_distance": 6,
        "probability": 0.02
      },
      "minecraft:physics": {
        "has_gravity": false
      }
    },
    "events": {
      "minecraft:event_spawn_dead": {
        "remove": {
          "component_groups": [
            "minecraft:fog_normal",
            "minecraft:fog_calm",
            "minecraft:fog_closed",
            "minecraft:fog_angry",
            "minecraft:rage"
          ]
        },
        "add": {
          "component_groups": [
            "minecraft:is_dead"
          ]
        }
      },
      "gone": {
        "add": {
          "component_groups": [
            "gone"
          ]
        }
      }
    }
  }
}