{
    "format_version": "1.13.0",
    "minecraft:entity": {
        "description": {
            "identifier": "bd:pick_siren",
            "is_spawnable": false,
            "is_summonable": true,
            "is_experimental": false
        },
        "component_groups": {
            "gone": {
                "minecraft:despawn": {}
            }
        },
        "components": {
			"minecraft:behavior.rise_to_liquid_level": {
                "priority": 0,
                "liquid_y_offset": 0.5,
                "rise_delta": 0.05,
                "sink_delta": 0.05
            },
            "minecraft:nameable": {},
            "minecraft:type_family": {
                "family": [
                    "inanimate", "follow"
                ]
            },
            "minecraft:movement": {
                "value": 0.0
            },
            "minecraft:collision_box": {
                "width": 0.5,
                "height": 0.5
            },
            "minecraft:damage_sensor": {
                "triggers": [{
                        "on_damage": {
                            "filters": {
                                "all_of": [{
                                        "test": "has_damage",
                                        "value": "fatal"
                                    }
                                ]
                            },
                            "event": "minecraft:event_spawn_dead"
                        }
                    }
                ]
            },
            "minecraft:movement.basic": {},
            "minecraft:navigation.climb": {
                "can_sink": false
            },
            "minecraft:timer": {
                "time": [
                    2.8,
                    3
                ],
                "looping": true,
                "time_down_event": {
                    "event": "gone",
                    "target": "self"
                }
            },
            "minecraft:fire_immune": true,
            "minecraft:knockback_resistance": {
                "value": 100
            },
            "minecraft:can_climb": {},
            "minecraft:behavior.float": {
                "priority": 0
            },
            "minecraft:scale": {
                "value": 2.5
            },
            "minecraft:health": {
                "value": 8000,
                "max": 8000,
				"min": 8000
            },
			"minecraft:behavior.rise_to_liquid_level": {
				"priority": 0,
				"liquid_y_offset": 0.25,
				"rise_delta": 0.01,
				"sink_delta": 0.01
			},
            "minecraft:attack": {
                "damage": 2000
            },
			"minecraft:rideable": {
				"seat_count": 3,
				"seats": [
					{
						"position": [0, 0, 0],
						"rotate_rider_by": -90
					}
				]
			},
            "minecraft:physics": {
            }
        },
        "events": {
            "gone": {
                "add": {
                    "component_groups": [
                        "gone"
                    ]
                }
            }
        }
    }
}