{
    "format_version": "1.13.0",
    "minecraft:entity": {
		"description": {
            "identifier": "ho:slam1",
            "is_experimental": false,
            "is_spawnable": false,
            "is_summonable": true
        },
        "component_groups": {
            "bye": {
                "minecraft:type_family": {
                    "family": ["despawn_"]
                }
            },
            "roaring": {
                "minecraft:behavior.knockback_roar": {
                    "attack_time": 0.1,
                    "cooldown_time": 0.1,
                    "damage_filters": {
                        "operator": "!=",
                        "subject": "other",
                        "test": "is_family",
                        "value": "cartoon_cat"
                    },
                    "duration": 0.5,
                    "knockback_damage": 20,
                    "knockback_filters": {
                        "operator": "!=",
                        "subject": "other",
                        "test": "is_family",
                        "value": "siren_head"
                    },
                    "knockback_range": 8,
                    "knockback_strength": 2.5,
                    "on_roar_end": {
                        "event": "minecraft:end_roar"
                    },
                    "priority": 1
                }
            }
        },
        "components": {
            "minecraft:collision_box": {
                "height": 0,
                "width": 0
            },
            "minecraft:health": {
                "max": 2,
				"min": 2,
                "value": 2
            },
			"minecraft:timer": {
				"time": 1,
				"looping": false,
				"time_down_event": {
					"event": "bye",
					"target": "self"
				}
			},
            "minecraft:type_family": {
                "family": [
                    "inanimate"
                ]
            },
			"minecraft:despawn": {
                "filters": {
                    "all_of": [{
                            "any_of": [{
                                    "test": "is_family",
                                    "subject": "self",
                                    "value": "despawn_"
                                }
                            ]
                        }
                    ]
                }
            }
        },
        "events": {
            "minecraft:end_roar": {
                "remove": {
                    "component_groups": [
                        "roaring"
                    ]
                }
            },
			"bye": {
                "add": {
                    "component_groups": [
                        "bye"
                    ]
                }
            },
            "minecraft:entity_born": {
                "add": {
                    "component_groups": [
                        "roaring",
                        "gone"
                    ]
                }
            },
            "minecraft:entity_spawned": {
                "add": {
                    "component_groups": [
                        "roaring"
                    ]
                }
            }
        }
    }
}