{
    "format_version": "1.13.0",
    "minecraft:entity": {
        "description": {
            "identifier": "ho:slam_small",
            "is_spawnable": false,
            "is_summonable": true,
            "is_experimental": false
        },
        "component_groups": {
            "roaring": {
                "minecraft:explode": {
					"breaks_blocks": false,
                    "fuseLength": 0.5,
                    "fuseLit": true,
                    "power": 3,
                    "causesFire": false,
                    "destroyAffectedByGriefing": true
                }
            },
			"bye": {
				"minecraft:explode": {
					"breaks_blocks": false,
                    "fuseLength": 0.5,
                    "fuseLit": true,
                    "power": 3,
                    "causesFire": false,
                    "destroyAffectedByGriefing": true
                }
			}
        },
        "components": {
            "minecraft:collision_box": {
                "height": 0.0,
                "width": 0.0
            },
            "minecraft:health": {
                "max": 150,
                "value": 150
            },
            "minecraft:type_family": {
                "family": [
                    "inanimate"
                ]
            },
			"minecraft:timer": {
				"time": [1, 1],
				"looping": true,
				"time_down_event": {
					"event": "bye",
					"target": "self"
				}
			}
        },
        "events": {
            "minecraft:entity_spawned": {
				"add": {
                    "component_groups": [
                        "roaring",
						"gone"
                    ]
                }
            },
			"minecraft:entity_born": {
				"add": {
                    "component_groups": [
                        "roaring",
						"gone"
                    ]
                }
            },
            "minecraft:end_roar": {
                "remove": {
                    "component_groups": [
                        "roaring"
                    ]
                }
			},
			"bye": {
                "add": {
                    "component_groups": [
                        "bye"
                    ]
                }
			}
        }
    }
}