{
    "format_version": "1.16.0",
    "minecraft:entity": {
        "description": {
            "identifier": "bd:sound_wave",
            "is_spawnable": false,
            "is_summonable": true,
            "is_experimental": false,
            "runtime_identifier": "minecraft:snowball"
        },
		"component_groups": {
			"gone": {
                "minecraft:explode": {
					"breaks_blocks": false,
                    "fuse_length": 0,
                    "fuse_lit": true,
                    "power": 2,
                    "causes_fire": false,
                    "fire_affected_by_griefing": false,
                    "destroy_affected_by_griefing": true
                }
            }
		},
        "components": {
            "minecraft:collision_box": {
                "width": 0.5,
                "height": 0.5
            },
            "minecraft:projectile": {
                "on_hit": {
                    "impact_damage": {
                        "damage": 8,
                        "knockback": true
                    }
                },
				"liquid_inertia": 7,
                "anchor": 1,
                "power": 7,
                "gravity": 0.0,
                "angle_offset": 0.0,
                "offset": [0, 0.1, 0]
            },
			"minecraft:timer": {
                "time": [3, 5],
                "looping": true,
                "time_down_event": {
                    "event": "gone",
                    "target": "self"
                }
            },
			"minecraft:environment_sensor": {
				"triggers": [{
						"filters": {
							"all_of": [
								{
                                    "test": "on_ground",
                                    "subject": "self"
                                }
							]
						},
						"event": "gone"
					}
				]
			},
            "minecraft:physics": {
                "has_collision": true
            },
            "minecraft:pushable": {
                "is_pushable": true,
                "is_pushable_by_piston": true
            },
            "minecraft:conditional_bandwidth_optimization": {
                "default_values": {
                    "max_optimized_distance": 100.0,
                    "max_dropped_ticks": 10,
                    "use_motion_prediction_hints": false
                }
            }
        },
		"events": {
            "gone": {
                "add": {
                    "component_groups": ["gone"]
                }
            }
		}
    }
}