{
    "format_version": "1.13.0",
    "minecraft:entity": {
        "description": {
            "identifier": "bd:throw_player",
            "is_spawnable": false,
            "is_summonable": true,
            "is_experimental": false,
			"scripts": {
                "animate": [
                    "fly_with"
                ]
            },
            "animations": {
                "fly_with": "animation.fly_with"
            }
        },
        "component_groups": {
        },
        "components": {
            "minecraft:nameable": {},
            "minecraft:type_family": {
                "family": [
                    "inanimate", "follow"
                ]
            },
            "minecraft:movement": {
                "value": 0.0
            },
            "minecraft:collision_box": {
                "width": 0.5,
                "height": 0.5
            },
            "minecraft:movement.basic": {},
            "minecraft:navigation.climb": {
                "can_path_over_water": true,
                "can_path_from_air": true,
                "can_pass_doors": true,
                "can_open_doors": true
            },
            "minecraft:fire_immune": true,
            "minecraft:knockback_resistance": {
                "value": 100
            },
            "minecraft:can_climb": {},
            "minecraft:behavior.float": {
                "priority": 0
            },
            "minecraft:scale": {
                "value": 2.5
            },
            "minecraft:health": {
                "value": 8000,
                "max": 8000
            },
			"minecraft:despawn": {
				"filters": {
				  "test": "is_riding",
				  "subject": "self",
				  "operator": "!=",
				  "value": true
				}
			},
			"minecraft:rideable": {
				"seat_count": 6,
				"seats": [
					{
						"position": [0, 0, 0],
						"rotate_rider_by": -90
					}
				]
			},
            "minecraft:physics": {
            }
        },
        "events": {
            "gone": {
                "add": {
                    "component_groups": [
                        "gone"
                    ]
                }
            }
        }
    }
}