{
	"format_version": "1.10.0",
	"particle_effect": {
		"description": {
			"identifier": "ho:foggy",
			"basic_render_parameters": {
				"material": "particles_blend",
				"texture": "textures/particle/siren_slam"
			}
		},
		"components": {
			"minecraft:emitter_initialization": {
				"creation_expression": "variable.size = 3;variable.radius = 5;"
			},
			"minecraft:emitter_rate_steady": {
				"spawn_rate": 30,
				"max_particles": 60
			},
			"minecraft:emitter_lifetime_looping": {
				"active_time": 1
			},
			"minecraft:emitter_shape_box": {
				"offset": [0, 1, 0],
				"half_dimensions": [4, 1, 4],
				"direction": "outwards"
			},
			"minecraft:particle_lifetime_expression": {
				"max_lifetime": 2
			},
			"minecraft:particle_initial_speed": 0.2,
			"minecraft:particle_motion_dynamic": {
				"linear_drag_coefficient": -1
			},
			"minecraft:particle_appearance_billboard": {
				"size": [6, 6],
				"facing_camera_mode": "rotate_xyz",
				"uv": {
					"texture_width": 16,
					"texture_height": 16,
					"uv": [0, 0],
					"uv_size": [16, 16]
				}
			},
			"minecraft:particle_appearance_tinting": {
				"color": [0.88627, 0.88627, 0.88627, 1]
			}
		}
	}
}