{
	"format_version": "1.10.0",
	"particle_effect": {
		"description": {
			"identifier": "ho:siren_slam",
			"basic_render_parameters": {
				"material": "particles_blend",
				"texture": "textures/particle/siren_slam"
			}
		},
		"components": {
			"minecraft:emitter_local_space": {
				"position": true
			},
			"minecraft:emitter_initialization": {
				"creation_expression": "variable.size = 2;variable.radius = 5;"
			},
			"minecraft:emitter_rate_steady": {
				"spawn_rate": 300,
				"max_particles": 600
			},
			"minecraft:emitter_lifetime_looping": {
				"active_time": 1
			},
			"minecraft:emitter_shape_point": {
				"offset": ["variable.radius*math.sin(variable.emitter_age*360)", 1, "variable.radius*math.cos(variable.emitter_age*360)"]
			},
			"minecraft:particle_lifetime_expression": {
				"max_lifetime": 2
			},
			"minecraft:particle_initial_speed": 1,
			"minecraft:particle_motion_dynamic": {
				"linear_drag_coefficient": 0
			},
			"minecraft:particle_appearance_billboard": {
				"size": [2, 2],
				"facing_camera_mode": "rotate_xyz",
				"uv": {
					"texture_width": 16,
					"texture_height": 16,
					"uv": [0, 0],
					"uv_size": [16, 16]
				}
			},
			"minecraft:particle_appearance_tinting": {
				"color": [0.46667, 0.46667, 0.46667, 1]
			}
		}
	}
}