{
	"format_version": "1.10.0",
	"particle_effect": {
		"description": {
			"identifier": "ho:siren_loud1",
			"basic_render_parameters": {
				"material": "particles_blend",
				"texture": "textures/particle/vo_left"
			}
		},
		"components": {
			"minecraft:emitter_local_space": {
				"position": true,
				"rotation": true
			},
			"minecraft:emitter_rate_steady": {
				"spawn_rate": 1,
				"max_particles": 100
			},
			"minecraft:emitter_lifetime_looping": {
				"active_time": 1
			},
			"minecraft:emitter_shape_point": {},
			"minecraft:particle_lifetime_expression": {
				"max_lifetime": 1
			},
			"minecraft:particle_initial_speed": 0,
			"minecraft:particle_motion_dynamic": {},
			"minecraft:particle_appearance_billboard": {
				"size": [3, 3],
				"facing_camera_mode": "rotate_xyz",
				"uv": {
					"texture_width": 16,
					"texture_height": 48,
					"flipbook": {
						"base_UV": [0, 48],
						"size_UV": [16, 16],
						"step_UV": [0, -16],
						"frames_per_second": 8,
						"max_frame": 3,
						"loop": true
					}
				}
			}
		}
	}
}