{
    "format_version": "1.16.100",
    "minecraft:item": {
        "description": {
            "identifier": "bd:bd_maid",
            "category": "equipment"
        },
        "components": {
			"minecraft:display_name": {},
            "minecraft:creative_category": {
                "parent": "itemGroup.name.chestplate"
            },
            "minecraft:max_stack_size": 1,
            "minecraft:enchantable": {
                "value": 10,
                "slot": "armor_torso"
            },
            "minecraft:icon": {
                "texture": "bd_maid"
            },
            "minecraft:durability": {
                "max_durability": 5480,
                "damage_chance": {
                    "min": 90,
                    "max": 100
                }
            },
            "minecraft:repairable": {
                "repair_items": [{
                        "items": [
                            "bd:bd_maid"
                        ],
                        "repair_amount": 23
                    }
                ]
            },
            "minecraft:armor": {
                "protection": 2000
            },
            "minecraft:wearable": {
                "slot": "slot.armor.chest"
            }
        }
    }
}