{
    "format_version": "1.16.100",
    "minecraft:item": {
        "description": {
            "identifier": "bd:trevorsword",
			"category" : "equipment"
        },
        "components": {
			"minecraft:icon": {
				"texture": "trevor_sword"
			},
            "minecraft:max_stack_size": 1,
            "minecraft:use_duration": 3600,
            "minecraft:hand_equipped": true,
			"minecraft:allow_off_hand": true,
			"minecraft:mirrored_art": true,
			"tag:swords": {},
            "minecraft:damageable": {
                "max_damage": 1561,
                "repair_items": [
                    "minecraft:diamond",
                    "minecraft:diamond_sword"
                ]
            },
			"minecraft:throwable": {
				"do_swing_animation": true
			},
			"minecraft:projectile": {
				"projectile_entity": "bd:sound_wave"
			},
            "minecraft:mining_speed": 1.5,
            "minecraft:damage": 10,
            "minecraft:enchantable": {
                "value": 10,
                "slot": "sword"
            },
			"minecraft:creative_category": {
			  "parent": "itemGroup.name.sword"
			},
            "minecraft:can_destroy_in_creative": false,
            "minecraft:digger": {
                "use_efficiency": false,
                "destroy_speeds": [{
                        "block": "minecraft:web",
                        "speed": 15
                    }, {
                        "block": "minecraft:bamboo",
                        "speed": 10
                    }
                ]
            },
			"minecraft:weapon": {
				"on_hurt_entity": {
				  "event": "bd:swing",
				  "target": "self"
				},
				"on_not_hurt_entity": {
				  "event": "bd:swing",
				  "target": "self"
				}
			}
        },
		"events": {
			"bd:swing": {
				"run_command": {
					"command": [
						"say boom gone",
						"kill @e[type=!player,type=!ho:cartoon_cat,r=5]",
						"tag @e[type=!player,type=!ho:cartoon_cat] add loai_bd",
						"time set day",
						"stopsound @a"
					],
					"target": "self"
				}
			}
		}
    }
}