{
  "resource_pack_name": "vanilla",
  "texture_name": "atlas.items",
  "texture_data": {
	"trevor_sword": {
      "textures": [
        "textures/items/custom_weapons/trevor_sword"
      ]
    },
	"sirenhead_egg": {
      "textures": [
        "textures/items/sirenhead_egg"
      ]
    },
	"bd_tophat": {
      "textures": [
        "textures/items/plot_icon/bd_tophat"
      ]
    },
	"bd_maid": {
      "textures": [
        "textures/items/plot_icon/bd_maid"
      ]
    }
  }
}