{
    "format_version": "1.10.0",
    "animation_controllers": {
        "controller.animation.cartoon_hand2.general": {
            "initial_state": "default",
            "states": {
                "default": {
                    "animations": [
						"cartoon_hand2_general"
                    ],
                    "transitions": [
						{
                            "attack": "query.is_delayed_attacking"
                        }
                    ],
					"blend_transition": 0.2
                },
                "attack": {
                    "animations": [
                        "attack"
                    ],
                    "transitions": [{
                            "default": "query.all_animations_finished"
                        }
                    ],
                    "blend_transition": 0.2
                }
			}
		}
    }
}