{
    "format_version": "1.10.0",
    "animation_controllers": {
        "controller.animation.cartoon_head.general": {
            "initial_state": "default",
            "states": {
                "default": {
                    "animations": [
						"cartoon_head_general"
                    ],
                    "transitions": [
						{
                            "attack": "query.is_delayed_attacking && variable.random == 0"
                        },
						{
                            "attack2": "query.is_delayed_attacking && variable.random == 1"
                        },
						{
                            "attack3": "query.is_delayed_attacking && variable.random == 2"
                        }
                    ],
					"blend_transition": 0.2
                },
                "attack": {
                    "animations": [
                        "attack"
                    ],
                    "transitions": [{
                            "default": "query.all_animations_finished"
                        }
                    ],
                    "blend_transition": 0.2
                },
				"attack2": {
                    "animations": [
                        "attack2"
                    ],
                    "transitions": [{
                            "default": "query.all_animations_finished"
                        }
                    ],
                    "blend_transition": 0.2
                },
				"attack3": {
                    "animations": [
                        "attack3"
                    ],
                    "transitions": [{
                            "default": "query.all_animations_finished"
                        }
                    ],
                    "blend_transition": 0.2
                }
			}
		},
		"controller.animation.cartoon_head.gan": {
            "states": {
                "default": {
                    "transitions": [
						{
                            "on": "query.is_riding"
                        }
                    ],
					"blend_transition": 0.2
                },
                "on": {
                    "animations": [
                        "on"
                    ],
                    "transitions": [{
                            "default": "!query.is_riding"
                        }
                    ],
                    "blend_transition": 0.2
                }
			}
		},
		"controller.animation.cartoon_head.ex": {
            "states": {
                "default": {
                    "transitions": [
						{
                            "extend": "query.variant == 1"
                        }
                    ],
					"blend_transition": 0.2
                },
                "extend": {
                    "animations": [
                        "extend"
                    ],
                    "transitions": [{
                            "default": "query.variant != 1"
                        }
                    ],
                    "blend_transition": 0.2
                }
			}
		}
    }
}