{
    "format_version": "1.10.0",
    "animation_controllers": {
        "controller.animation.cartoon_hand.general": {
            "initial_state": "default",
            "states": {
                "default": {
                    "animations": [
						"cartoon_hand_general"
                    ],
                    "transitions": [
						{
                            "attack": "query.is_delayed_attacking && variable.random == 0"
                        },
						{
                            "attack2": "query.is_delayed_attacking && variable.random == 1"
                        },
						{
                            "attack3": "query.is_delayed_attacking && variable.random == 2"
                        },
						{
                            "attack4": "query.is_delayed_attacking && variable.random == 3"
                        },
						{
                            "grab": "query.is_casting"
                        }
                    ],
					"blend_transition": 0.2
                },
                "attack": {
                    "animations": [
                        "attack"
                    ],
                    "transitions": [{
                            "default": "query.all_animations_finished"
                        }
                    ],
                    "blend_transition": 0.2
                },
				"attack2": {
                    "animations": [
                        "attack2"
                    ],
                    "transitions": [{
                            "default": "query.all_animations_finished"
                        }
                    ],
                    "blend_transition": 0.2
                },
				"attack3": {
                    "animations": [
                        "attack3"
                    ],
                    "transitions": [{
                            "default": "query.all_animations_finished"
                        }
                    ],
                    "blend_transition": 0.2
                },
				"attack4": {
                    "animations": [
                        "attack4"
                    ],
                    "transitions": [{
                            "default": "query.all_animations_finished"
                        }
                    ],
                    "blend_transition": 0.2
                },
				"grab": {
                    "animations": [
                        "grab"
                    ],
                    "transitions": [{
                            "default": "!query.is_casting"
                        }
                    ],
                    "blend_transition": 0.2
                }
			}
		},
		"controller.animation.cartoon_hand.gan": {
            "states": {
                "default": {
                    "transitions": [
						{
                            "on": "query.is_riding && variable.random == 0"
                        },
						{
                            "on2": "query.is_riding && variable.random == 1"
                        },
						{
                            "on3": "query.is_riding && variable.random == 2"
                        }
                    ],
					"blend_transition": 0.2
                },
                "on": {
                    "animations": [
                        "on"
                    ],
                    "transitions": [{
                            "default": "!query.is_riding"
                        }
                    ],
                    "blend_transition": 0.2
                },
				"on2": {
                    "animations": [
                        "on2"
                    ],
                    "transitions": [{
                            "default": "!query.is_riding"
                        }
                    ],
                    "blend_transition": 0.2
                },
				"on3": {
                    "animations": [
                        "on3"
                    ],
                    "transitions": [{
                            "default": "!query.is_riding"
                        }
                    ],
                    "blend_transition": 0.2
                }
			}
		}
    }
}