{
    "format_version": "1.10.0",
    "animation_controllers": {
        "controller.animation.cartoon_cat_bd.general": {
            "initial_state": "moving",
            "states": {
                "moving": {
                    "variables": {
                        "move_speed": {
                            "input": "query.modified_move_speed",
                            "remap_curve": {
                                "0.0": 0.0,
                                "0.25": 1.0
                            }
                        },
                        "is_idling": {
                            "input": "query.modified_move_speed",
                            "remap_curve": {
                                "0.0": 1.0,
                                "0.1": 0.0
                            }
                        }
                    },
                    "animations": [{
                            "moving": "variable.move_speed"
                        }, {
                            "cartoon_cat_bd_general": "variable.is_idling"
                        }
                    ],
                    "transitions": [{
                            "running": "query.ground_speed >= 4.5 && variable.random == 0"
                        },
						{
                            "running2": "query.ground_speed >= 4.5 && variable.random == 1"
                        },
						{
                            "dancing": "query.is_laying_down && variable.random1 == 0"
                        },
						{
                            "dancing2": "query.is_laying_down && variable.random1 == 1"
                        },
						{
                            "aberate": "query.is_laying_down && variable.random1 == 2"
                        },
						{
                            "picking": "query.is_casting && variable.random1 == 0 && query.mark_variant == 0"
                        },
						{
                            "picking2": "query.is_casting && variable.random1 == 1 && query.mark_variant == 0"
                        },
						{
                            "picking3": "query.is_casting && query.mark_variant == 3"
                        },
						{
                            "hand_skill": "query.is_casting && query.mark_variant == 1"
                        },
						{
                            "hander": "query.is_casting && query.mark_variant == 2"
                        },
						{
                            "climbing": "query.is_wall_climbing"
                        },
						{
                            "waving": "query.get_nearby_entities(40, 'minecraft:player')"
                        }
                    ],
					"blend_transition": 0.2
                },
                "running": {
                    "animations": [
                        "running"
                    ],
                    "transitions": [{
                            "moving": "query.ground_speed <= 3.5"
                        }
                    ],
                    "blend_transition": 0.1
                },
				"running2": {
                    "animations": [
                        "running2"
                    ],
                    "transitions": [{
                            "moving": "query.ground_speed <= 3.5"
                        }
                    ],
                    "blend_transition": 0.1
                },
				"dancing": {
                    "animations": [
                        "dancing"
                    ],
                    "transitions": [{
                            "moving": "!query.is_laying_down"
                        }
                    ],
                    "blend_transition": 0.2
                },
				"dancing2": {
                    "animations": [
                        "dancing2"
                    ],
                    "transitions": [{
                            "moving": "!query.is_laying_down"
                        }
                    ],
                    "blend_transition": 0.2
                },
				"aberate": {
                    "animations": [
                        "aberate"
                    ],
                    "transitions": [{
                            "moving": "!query.is_laying_down"
                        }
                    ],
                    "blend_transition": 0.2
                },
				"picking": {
                    "animations": [
                        "picking"
                    ],
                    "transitions": [{
                            "moving": "!query.is_casting"
                        }
                    ],
					"particle_effects" : [
						{
							"effect" : "yum",
							"locator" : "eat"
						}
					],
                    "blend_transition": 0.2
                },
				"picking2": {
                    "animations": [
                        "picking2"
                    ],
                    "transitions": [{
                            "moving": "!query.is_casting"
                        }
                    ],
					"particle_effects" : [
						{
							"effect" : "yum",
							"locator" : "eat"
						}
					],
                    "blend_transition": 0.2
                },
				"picking3": {
                    "animations": [
                        "picking3"
                    ],
                    "transitions": [{
                            "moving": "!query.is_casting"
                        }
                    ],
					"particle_effects" : [
						{
							"effect" : "yum",
							"locator" : "eat"
						}
					],
                    "blend_transition": 0.2
                },
				"hand_skill": {
                    "animations": [
                        "hand_skill"
                    ],
                    "transitions": [{
                            "moving": "!query.is_casting"
                        }
                    ],
					"particle_effects" : [
						{
							"effect" : "yum",
							"locator" : "eat"
						}
					],
                    "blend_transition": 0.2
                },
				"hander": {
                    "animations": [
                        "hander"
                    ],
                    "transitions": [{
                            "moving": "!query.is_casting"
                        }
                    ],
                    "blend_transition": 0.2
                },
				"climbing": {
                    "animations": [
                        "climbing"
                    ],
                    "transitions": [{
                            "moving": "!query.is_wall_climbing"
                        }
                    ],
                    "blend_transition": 0.2
                },
				"waving": {
                    "animations": [
                        "waving"
                    ],
                    "transitions": [{
                            "moving": "!query.get_nearby_entities(40, 'minecraft:player')"
                        }
                    ],
                    "blend_transition": 0.1
                }
            }
        },
		"controller.animation.cartoon_cat_bd.attack": {
            "states": {
                "default": {
                    "transitions": [{
                            "attack1": "variable.attack_time > 0 && variable.random == 0"
                        },
						{
                            "attack2": "variable.attack_time > 0 && variable.random == 1"
                        },
						{
                            "attack3": "variable.attack_time > 0 && variable.random == 2"
                        },
						{
                            "attack4": "variable.attack_time > 0 && variable.random == 3"
                        }
                    ],
                    "blend_transition": 0.2
                },
                "attack1": {
                    "animations": [
                        "attack1"
                    ],
                    "transitions": [{
                            "default": "query.all_animations_finished"
                        }
                    ],
                    "blend_transition": 0.1
                },
                "attack2": {
                    "animations": [
                        "attack2"
                    ],
                    "transitions": [{
                            "default": "query.all_animations_finished"
                        }
                    ],
                    "blend_transition": 0.1
                },
				"attack3": {
                    "animations": [
                        "attack3"
                    ],
                    "transitions": [{
                            "default": "query.all_animations_finished"
                        }
                    ],
                    "blend_transition": 0.1
                },
				"attack4": {
                    "animations": [
                        "attack4"
                    ],
                    "transitions": [{
                            "default": "query.all_animations_finished"
                        }
                    ],
                    "blend_transition": 0.1
                }
            }
        },
		"controller.animation.cartoon_cat_bd.hey": {
            "states": {
                "default": {
                    "transitions": [{
                            "hey": "query.has_target && variable.random == 0"
                        },
						{
                            "heying2": "query.has_target && variable.random == 1"
                        },
						{
                            "heying3": "query.has_target && variable.random == 2"
                        }
                    ],
                    "blend_transition": 0.2
                },
                "hey": {
                    "animations": ["heying"],
                    "transitions": [{
                            "default": "!query.has_target"
                        }
                    ],
                    "blend_transition": 0.2
                },
				"heying2": {
                    "animations": ["heying2"],
                    "transitions": [{
                            "default": "!query.has_target"
                        }
                    ],
                    "blend_transition": 0.2
                },
				"heying3": {
                    "animations": ["heying3"],
                    "transitions": [{
                            "default": "!query.has_target"
                        }
                    ],
                    "blend_transition": 0.2
                }
            }
        },
		"controller.animation.cartoon_cat_bd.nhay": {
            "states": {
                "default": {
                    "transitions": [{
                            "tiep_can": "query.is_riding ? (query.get_ride -> query.owner_identifier) == 'bd:speed_cat'"
                        }
                    ],
                    "blend_transition": 0.2
                },
                "tiep_can": {
                    "animations": ["tiep_can"],
                    "transitions": [{
                            "default": "!query.is_riding"
                        }
                    ],
                    "blend_transition": 0.2
                }
            }
        }
    }
}