{
    "format_version": "1.10.0",
    "animation_controllers": {
        "controller.animation.siren_head_bd.general": {
            "initial_state": "moving",
            "states": {
                "moving": {
                    "variables": {
                        "move_speed": {
                            "input": "query.modified_move_speed",
                            "remap_curve": {
                                "0.0": 0.0,
                                "0.25": 1.0
                            }
                        },
                        "is_idling": {
                            "input": "query.modified_move_speed",
                            "remap_curve": {
                                "0.0": 1.0,
                                "0.1": 0.0
                            }
                        }
                    },
                    "animations": [{
                            "moving": "variable.move_speed"
                        }, {
                            "siren_head_bd_general": "variable.is_idling"
                        }
                    ],
                    "transitions": [{
                            "running": "query.ground_speed >= 3.5 && variable.random == 0 && query.variant == 0"
                        },
						{
                            "crawling": "query.ground_speed >= 3.5 && variable.random == 1 && query.variant == 1"
                        },
						{
                            "picking": "query.is_casting && variable.random == 0"
                        },
						{
                            "picking2": "query.is_casting && variable.random == 1"
                        },
						{
                            "climbing": "query.is_wall_climbing"
                        },
						{
                            "stumping": "query.is_roaring"
                        },
						{
                            "stunned": "query.is_stunned"
                        },
						{
                            "jump_smash_siren": "query.is_charged && query.mark_variant == 3"
                        },
						{
                            "charge_at": "query.is_riding ? (query.get_ride -> query.owner_identifier) == 'bd:charge_skill'"
                        },
						{
                            "sound_wave": "query.is_charged && !query.is_casting && query.mark_variant == 0"
                        },
						{
                            "pick_throw": "query.is_charged && query.mark_variant == 1 && variable.random == 0"
                        },
						{
                            "pick_throw2": "query.is_charged && query.mark_variant == 1 && variable.random == 1"
                        },
						{
                            "pick_throw3": "query.is_charged && query.mark_variant == 1 && variable.random == 2"
                        }
                    ],
					"blend_transition": 0.2
                },
				"sound_wave": {
                    "animations": [
                        "sound_wave"
                    ],
                    "transitions": [{
                            "moving": "!query.is_charged"
                        }
                    ],
                    "blend_transition": 0.2
                },
				"pick_throw": {
                    "animations": [
                        "pick_throw"
                    ],
                    "transitions": [{
                            "moving": "query.all_animations_finished"
                        }
                    ],
                    "blend_transition": 0.2
                },
				"pick_throw2": {
                    "animations": [
                        "pick_throw2"
                    ],
                    "transitions": [{
                            "moving": "query.all_animations_finished"
                        }
                    ],
                    "blend_transition": 0.2
                },
				"pick_throw3": {
                    "animations": [
                        "pick_throw3"
                    ],
                    "transitions": [{
                            "moving": "query.all_animations_finished"
                        }
                    ],
                    "blend_transition": 0.2
                },
				"jump_smash_siren": {
                    "animations": [
                        "jump_smash_siren"
                    ],
                    "transitions": [{
                            "moving": "!query.is_charged"
                        }
                    ],
                    "blend_transition": 0.2
                },
				"charge_at": {
                    "animations": ["charge_at"],
                    "transitions": [{
                            "moving": "!query.is_riding"
                        }
                    ],
                    "blend_transition": 0.2
                },
                "running": {
                    "animations": [
                        "running"
                    ],
                    "transitions": [{
                            "moving": "query.ground_speed <= 3.5"
                        }
                    ],
                    "blend_transition": 0.1
                },
				"crawling": {
                    "animations": [
                        "crawling"
                    ],
                    "transitions": [{
                            "running": "query.ground_speed <= 3.5"
                        }
                    ],
                    "blend_transition": 0.1
                },
				"picking": {
                    "animations": [
                        "picking"
                    ],
                    "transitions": [{
                            "moving": "!query.is_casting"
                        }
                    ],
                    "blend_transition": 0.2
                },
				"picking2": {
                    "animations": [
                        "picking2"
                    ],
                    "transitions": [{
                            "moving": "!query.is_casting"
                        }
                    ],
                    "blend_transition": 0.2
                },
				"climbing": {
                    "animations": [
                        "climbing"
                    ],
                    "transitions": [{
                            "moving": "!query.is_wall_climbing"
                        }
                    ],
                    "blend_transition": 0.2
                },
				"stumping": {
                    "animations": [
                        "stumping"
                    ],
                    "transitions": [{
                            "moving": "!query.is_roaring"
                        }
                    ],
					"particle_effects" : [
						{
							"effect" : "slam",
							"locator" : "stump"
						},
						{
							"effect" : "danger",
							"locator" : "warn"
						}
					],
                    "blend_transition": 0.2
                },
				"stunned": {
                    "animations": [
                        "stunned"
                    ],
                    "transitions": [{
                            "moving": "!query.is_stunned"
                        }
                    ],
                    "blend_transition": 0.2
                }
            }
        },
		"controller.animation.siren_head_bd.attack": {
            "states": {
                "default": {
                    "transitions": [{
                            "attack1": "variable.attack_time > 0 && variable.random == 0"
                        },
						{
                            "attack2": "variable.attack_time > 0 && variable.random == 1"
                        },
						{
                            "attack3": "variable.attack_time > 0 && variable.random == 2"
                        }
                    ],
                    "blend_transition": 0.1
                },
                "attack1": {
                    "animations": ["attack1"],
                    "transitions": [{
                            "default": "query.all_animations_finished"
                        }
                    ],
					"particle_effects" : [
						{
							"effect" : "hit",
							"locator" : "arm1"
						},
						{
							"effect" : "hit",
							"locator" : "arm2"
						}
					],
                    "blend_transition": 0.1
                },
				"attack2": {
                    "animations": ["attack2"],
                    "transitions": [{
                            "default": "query.all_animations_finished"
                        }
                    ],
					"particle_effects" : [
						{
							"effect" : "hit",
							"locator" : "arm1"
						}
					],
                    "blend_transition": 0.1
                },
				"attack3": {
                    "animations": ["attack3"],
                    "transitions": [{
                            "default": "query.all_animations_finished"
                        }
                    ],
					"particle_effects" : [
						{
							"effect" : "hit",
							"locator" : "arm1"
						}
					],
                    "blend_transition": 0.1
                }
            }
        },
		"controller.animation.siren_head_bd.sound_attack": {
            "states": {
                "default": {
                    "transitions": [{
                            "use_sound": "query.has_target && query.mark_variant == 0 && !query.is_charged"
                        }
                    ],
                    "blend_transition": 0.1
                },
                "use_sound": {
                    "animations": [
                        "use_sound"
                    ],
                    "transitions": [{
                            "default": "query.mark_variant != 0 || !query.has_target"
                        }
                    ],
                    "blend_transition": 0.2
                }
            }
        }
    }
}