{
    "format_version": "1.10.0",
    "animation_controllers": {
        "controller.animation.siren_head_bd_trans.general": {
            "states": {
                "default": {
                    "animations": [
                        "siren_head_bd_trans_general"
                    ],
					"particle_effects" : [
						{
							"effect" : "sound",
							"locator" : "loud1"
						},
						{
							"effect" : "sound1",
							"locator" : "loud2"
						}
					]
				}
            }
		}
	}
}