{
  "format_version": "1.10.0",
  "minecraft:attachable": {
    "description": {
    "identifier": "bd:bd_maid.player",
	"item": {
	  "bd:bd_maid": "(query.owner_identifier == 'minecraft:player')"
	  },
      "materials": {
        "default": "armor",
        "enchanted": "armor_enchanted"
      },
      "textures": {
        "default": "textures/models/plot_armor/bd_maid",
        "enchanted": "textures/misc/enchanted_item_glint"
      },
      "geometry": {
        "default": "geometry.bd_maid"
      },
      "scripts": {
        "parent_setup": "variable.chest_layer_visible = 0.0;"
      },
      "render_controllers":[ "controller.render.armor" ]
    }
  }
}