{
  "format_version": "1.10.0",
  "minecraft:client_entity": {
    "description": {
      "identifier": "bd:cartoon_hand2",
      "materials": {
        "default": "slime"
      },
      "textures": {
        "default": "textures/entity/cartoon_cat/cartoon_cat_bd"
      },
      "geometry": {
        "default": "geometry.cartoon_hand2"
      },
      "animations": {
        "cartoon_hand2_general": "animation.cartoon_hand2.general",
        "attack": "animation.cartoon_hand2.attack",

        "general": "controller.animation.cartoon_hand2.general"
      },
      "scripts": {
        "animate": [
          "general", "gan"
        ],
        "pre_animation": [
          "variable.attack = Math.sin(variable.attack_time * 30.0);",
		  "variable.random = math.round(math.random(0,2));",
		  "variable.random1 = math.round(math.random(0,1));"
        ]
      },
      "render_controllers": [
        "controller.render.cartoon_cat"
      ],
      "spawn_egg": {
        "base_color": "#0d0d0d",
        "overlay_color": "#814444"
      }
    }
  }
}