{
  "format_version": "1.10.0",
  "minecraft:client_entity": {
    "description": {
      "identifier": "ho:cartoon_cat",
      "materials": {
        "default": "slime"
      },
      "textures": {
        "default": "textures/entity/cartoon_cat/cartoon_cat_bd"
      },
      "geometry": {
        "default": "geometry.cartoon_cat_bd"
      },
      "animations": {
        "moving": "animation.cartoon_cat_bd.moving",
        "cartoon_cat_bd_general": "animation.cartoon_cat_bd.general",
        "attack1": "animation.cartoon_cat_bd.attack1",
		"attack2": "animation.cartoon_cat_bd.attack2",
		"attack3": "animation.cartoon_cat_bd.attack3",
		"attack4": "animation.cartoon_cat_bd.attack4",
		"dancing": "animation.cartoon_cat_bd.dancing",
		"dancing2": "animation.cartoon_cat_bd.dancing2",
		"aberate": "animation.cartoon_cat_bd.aberate",
		"running": "animation.cartoon_cat_bd.running",
		"running2": "animation.cartoon_cat_bd.running2",
		"heying": "animation.cartoon_cat_bd.heying",
		"heying2": "animation.cartoon_cat_bd.heying2",
		"heying3": "animation.cartoon_cat_bd.heying3",
		"picking": "animation.cartoon_cat_bd.picking",
		"picking2": "animation.cartoon_cat_bd.picking2",
		"picking3": "animation.cartoon_cat_bd.picking3",
		"tiep_can": "animation.cartoon_cat_bd.tiep_can",
		"hand_skill": "animation.cartoon_cat_bd.hand_skill",
		"hander": "animation.cartoon_cat_bd.hander",
		"climbing": "animation.cartoon_cat_bd.climbing",
		"waving": "animation.cartoon_cat_bd.waving",
        "look_at_target": "animation.common.look_at_target",

        "move": "controller.animation.cartoon_cat_bd.move",
        "general": "controller.animation.cartoon_cat_bd.general",
		"hey": "controller.animation.cartoon_cat_bd.hey",
        "attack": "controller.animation.cartoon_cat_bd.attack",
		"nhay": "controller.animation.cartoon_cat_bd.nhay"
      },
      "scripts": {
        "animate": [
          "move", "general", "attack", "hey", "nhay"
        ],
        "pre_animation": [
          "variable.attack = Math.sin(variable.attack_time * 30.0);",
		  "variable.random = math.round(math.random(0,3));",
		  "variable.random1 = math.round(math.random(0,2));"
        ]
      },
	  "particle_effects": {
		  "yum": "ho:blood"
	  },
      "render_controllers": [
        "controller.render.cartoon_cat"
      ],
      "spawn_egg": {
        "base_color": "#0d0d0d",
        "overlay_color": "#814444"
      }
    }
  }
}