{
  "format_version": "1.10.0",
  "minecraft:client_entity": {
    "description": {
      "identifier": "bd:cartoon_hand",
      "materials": {
        "default": "slime"
      },
      "textures": {
        "default": "textures/entity/cartoon_cat/cartoon_cat_bd"
      },
      "geometry": {
        "default": "geometry.cartoon_hand"
      },
      "animations": {
        "cartoon_hand_general": "animation.cartoon_hand.general",
        "attack": "animation.cartoon_hand.attack",
		"attack2": "animation.cartoon_hand.attack2",
		"attack3": "animation.cartoon_hand.attack3",
		"attack4": "animation.cartoon_hand.attack4",
		"grab": "animation.cartoon_hand.grab",
		"on": "animation.cartoon_hand.on",
		"on2": "animation.cartoon_hand.on2",
		"on3": "animation.cartoon_hand.on3",

        "move": "controller.animation.cartoon_hand.move",
		"gan": "controller.animation.cartoon_hand.gan",
        "general": "controller.animation.cartoon_hand.general",
		"hey": "controller.animation.cartoon_hand.hey"
      },
      "scripts": {
        "animate": [
          "general", "gan"
        ],
        "pre_animation": [
          "variable.attack = Math.sin(variable.attack_time * 30.0);",
		  "variable.random = math.round(math.random(0,3));",
		  "variable.random1 = math.round(math.random(0,1));"
        ]
      },
      "render_controllers": [
        "controller.render.cartoon_cat"
      ],
      "spawn_egg": {
        "base_color": "#0d0d0d",
        "overlay_color": "#814444"
      }
    }
  }
}