{
  "format_version": "1.10.0",
  "minecraft:client_entity": {
    "description": {
      "identifier": "bd:cartoon_head",
      "materials": {
        "default": "slime"
      },
      "textures": {
        "default": "textures/entity/cartoon_cat/cartoon_cat_bd"
      },
      "geometry": {
        "default": "geometry.cartoon_head"
      },
      "animations": {
        "cartoon_head_general": "animation.cartoon_head.general",
        "attack": "animation.cartoon_head.attack",
		"attack2": "animation.cartoon_head.attack2",
		"attack3": "animation.cartoon_head.attack3",
		"on": "animation.cartoon_head.gan",
		"extend": "animation.cartoon_head.extend",

        "move": "controller.animation.cartoon_head.move",
		"gan": "controller.animation.cartoon_head.gan",
		"ex": "controller.animation.cartoon_head.ex",
        "general": "controller.animation.cartoon_head.general",
		"hey": "controller.animation.cartoon_head.hey"
      },
      "scripts": {
        "animate": [
          "general", "gan", "ex"
        ],
        "pre_animation": [
          "variable.attack = Math.sin(variable.attack_time * 30.0);",
		  "variable.random = math.round(math.random(0,2));",
		  "variable.random1 = math.round(math.random(0,1));"
        ]
      },
      "render_controllers": [
        "controller.render.cartoon_cat"
      ],
      "spawn_egg": {
        "base_color": "#0d0d0d",
        "overlay_color": "#814444"
      }
    }
  }
}