{
  "format_version": "1.10.0",
  "minecraft:client_entity": {
    "description": {
      "identifier": "bd:cartoon_hand3",
      "materials": {
        "default": "slime"
      },
      "textures": {
        "default": "textures/entity/cartoon_cat/cartoon_cat_bd"
      },
      "geometry": {
        "default": "geometry.cartoon_hand3"
      },
      "animations": {
        "cartoon_hand3_general": "animation.cartoon_hand3.general",
		"cartoon_hand3_general2": "animation.cartoon_hand3.general2",
        "moving": "animation.cartoon_hand3.moving",
		"attack": "animation.cartoon_hand3.attack",

        "general": "controller.animation.cartoon_hand3.general",
		"general2": "controller.animation.cartoon_hand3.general2"
      },
      "scripts": {
        "animate": [
          "general", "general2"
        ],
        "pre_animation": [
          "variable.attack = Math.sin(variable.attack_time * 30.0);",
		  "variable.random = math.round(math.random(0,2));",
		  "variable.random1 = math.round(math.random(0,1));"
        ]
      },
      "render_controllers": [
        "controller.render.cartoon_cat"
      ],
      "spawn_egg": {
        "base_color": "#0d0d0d",
        "overlay_color": "#814444"
      }
    }
  }
}