{
  "format_version": "1.10.0",
  "minecraft:client_entity": {
    "description": {
      "identifier": "ho:fog",
      "materials": {
        "default": "slime"
      },
      "textures": {
        "default": "textures/entity/foggy"
      },
      "geometry": {
        "default": "geometry.fog"
      },
      "animations": {
        "fog_general": "animation.fog.general",
        
        "general": "controller.animation.fog.general"
      },
      "scripts": {
        "animate": [
          "general"
        ]
      },
	  "particle_effects": {
		  "fog": "ho:foggy"
	  },
      "render_controllers": [
        "controller.render.skeleton"
      ],
      "spawn_egg": {
        "base_color": "#f78801",
        "overlay_color": "#5e3b16"
      }
    }
  }
}