{
  "format_version": "1.10.0",
  "minecraft:client_entity": {
    "description": {
      "identifier": "ho:sirenhead_trans",
      "materials": {
        "default": "slime"
      },
      "textures": {
        "default": "textures/entity/sirenhead/sirenhead"
      },
      "geometry": {
        "default": "geometry.siren_head_trans"
      },
      "animations": {
        "siren_head_bd_trans_general": "animation.siren_head_bd.final",

        "general": "controller.animation.siren_head_bd_trans.general"
      },
      "scripts": {
        "animate": [
          "general"
	    ]
      },
	  "particle_effects": {
		  "sound": "ho:siren_loud",
		  "sound1": "ho:siren_loud1"
	  },
      "render_controllers": [
        "controller.render.skeleton"
      ],
      "spawn_egg": {
        "base_color": "#f78801",
        "overlay_color": "#5e3b16"
      }
    }
  }
}