{
  "format_version": "1.10.0",
  "minecraft:client_entity": {
    "description": {
      "identifier": "ho:sirenhead_boss",
      "materials": {
        "default": "skeleton"
      },
      "textures": {
        "not_in_taiga": "textures/entity/sirenhead/sirenhead",
		"in_taiga": "textures/entity/sirenhead/sirenhead_taiga"
      },
      "geometry": {
        "default": "geometry.siren_head_bd"
      },
      "animations": {
        "moving": "animation.siren_head_bd.moving",
        "siren_head_bd_general": "animation.siren_head_bd.general",
        "attack1": "animation.siren_head_bd.attack1",
		"attack2": "animation.siren_head_bd.attack2",
		"attack3": "animation.siren_head_bd.attack3",
		"picking": "animation.siren_head_bd.picking",
		"picking2": "animation.siren_head_bd.picking2",
		"running": "animation.siren_head_bd.running",
		"crawling": "animation.siren_head_bd.crawling",
		"climbing": "animation.siren_head_bd.climbing",
		"stumping": "animation.siren_head_bd.stumping",
		"pick_throw": "animation.siren_head_bd.throw",
		"pick_throw2": "animation.siren_head_bd.throw2",
		"pick_throw3": "animation.siren_head_bd.throw3",
		"sound_wave": "animation.siren_head_bd.sound_wave",
		"use_sound": "animation.siren_head_bd.use_sound",
		"stunned": "animation.siren_head_bd.stunned",
		"jump_smash_siren": "animation.siren_head_bd.jump_smash",
		"charge_at": "animation.siren_head_bd.in_air",
        "look_at_target": "animation.common.look_at_target",

        "move": "controller.animation.siren_head_bd.move",
        "general": "controller.animation.siren_head_bd.general",
        "attack": "controller.animation.siren_head_bd.attack",
		"sound_attack": "controller.animation.siren_head_bd.sound_attack"
      },
      "scripts": {
        "animate": [
          "move", "general", "attack", "sound_attack"
        ],
        "pre_animation": [
          "variable.attack = Math.sin(variable.attack_time * 30.0);",
		  "variable.random = math.round(math.random(0,2));",
		  "variable.random_throw = math.round(math.random(0,1));"
        ]
      },
	  "particle_effects": {
		  "slam": "ho:siren_slam",
		  "hit": "ho:attack",
		  "danger": "ho:warning"
	  },
      "render_controllers": [
        "controller.render.siren_head_bd"
      ],
      "spawn_egg": {
        "base_color": "#2c2324",
        "overlay_color": "#191512"
      }
    }
  }
}