{
  "format_version": "1.10.0",
  "minecraft:client_entity": {
    "description": {
      "identifier": "ho:siren_head_spawn",
      "materials": {
        "default": "slime"
      },
      "textures": {
        "default": "textures/entity/sirenhead/sirenhead"
      },
	  "geometry": {
        "default": "geometry.sirenhead"
      },
      "render_controllers": [
        "controller.render.skeleton"
      ],
      "spawn_egg": {
        "texture": "sirenhead_egg",
		"texture_index": 4
      }
    }
  }
}