{
    "format_version": "1.10.0",
    "minecraft:client_entity": {
        "description": {
            "identifier": "bd:sound_wave",
            "materials": {
                "default": "charged_creeper"
            },
            "textures": {
                "default": "textures/entity/sirenhead/sound_wave"
            },
            "geometry": {
                "default": "geometry.sound_wave"
            },
            "animations": {
                "move": "animation.sound_wave.move"
            },
            "scripts": {
                "animate": [
                    "move"
                ]
            },
            "sound_effects": {
                "sounding": "mob.sirenhead.sound_wave"
            },
            "render_controllers": ["controller.render.arrow"]
        }
    }
}