{
  "format_version": "1.10.0",
  "animations": {
    "animation.cat_music": {
      "timeline": {
        "41.0": [
          "/stopsound @a mob.cartoon_cat.chase",
          "/playsound mob.cartoon_cat.chase @a[r=40]",
		  "/tag @s add can_break"
        ]
      },
      "animation_length": 42,
      "loop": true
    },
	"animation.skill_check": {
      "timeline": {
        "0.1": [
          "@s minecraft:choose_skill"
        ]
      },
      "animation_length": 30,
      "loop": true
    },
	"animation.gan_meo": {
      "timeline": {
        "0": [
          "/ride @s start_riding @e[type=ho:cartoon_cat,c=1] teleport_rider until_full"
        ]
      },
      "animation_length": 0.1,
	  "loop": true
    },
	"animation.giu_chat": {
      "timeline": {
        "0": [
          "/function bat_nguoi"
        ]
      },
      "animation_length": 0.01,
	  "loop": true
    },
	"animation.blind_vic": {
      "timeline": {
        "0": [
          "/execute @s ~~~ effect @a[r=10,m=!c] blindness 3 10 true"
        ]
      },
      "animation_length": 0.01,
	  "loop": true
    },
	"animation.grow_hand": {
      "timeline": {
        "10": [
          "/execute @s ~~~ summon bd:cartoon_hand ~~~"
        ]
      },
      "animation_length": 12.1,
	  "loop": true
    },
	"animation.grow_head": {
      "timeline": {
        "109": [
          "/summon bd:cartoon_head ~~~"
        ],
		"109.3": [
          "/summon bd:cartoon_head ~~~"
        ],
		"109.6": [
          "/summon bd:cartoon_head ~~~"
        ]
      },
      "animation_length": 110,
	  "loop": true
    },
	"animation.head_gone": {
      "timeline": {
        "4": [
          "/execute @s ~~~ playanimation @e[type=!ho:cartoon_cat,type=!ho:sirenhead,type=!bd:cartoon_hand,r=4] animation.player_b.head_lost a 100"
        ],
		"5": [
		  "/execute @s ~~~ playanimation @e[type=!ho:cartoon_cat,type=!ho:sirenhead,type=!bd:cartoon_hand,r=4] animation.player_b.head_lost a 0",
          "/execute @s ~~~ playanimation @e[type=!ho:cartoon_cat,type=!ho:sirenhead,type=!bd:cartoon_hand,rm=4] animation.player_b.head_lost a 0",
		  "/execute @s ~~~ kill @e[type=!ho:cartoon_cat,type=!bd:cartoon_hand,type=!bd:cartoon_hand2,type=!player,r=3]",
		  "/execute @s ~~~ kill @e[type=player,r=3]",
		  "/execute @s ~~~ tp @e[type=!ho:cartoon_cat,type=!bd:cartoon_hand,type=!bd:cartoon_hand2,type=!player,r=2] ~-9999999 ~-99999999 ~-9999999"
        ]
      },
      "animation_length": 8
    }
  }
}