{
  "format_version": "1.10.0",
  "animations": {
    "animation.siren_trans_damage": {
      "timeline": {
        "0.0": [
          "/playsound mob.sirenhead.idle @a",
          "/execute @e[type=ho:sirenhead_trans] ~~~ effect @e[type=!ho:sirenhead,type=!ho:lighthead,type=!ho:sirenhead_boss,type=!ho:cartoon_cat,type=!ho:sirenhead_trans,r=50] wither 45 2 true"
        ]
      },
      "animation_length": 40,
      "loop": true
    },
	"animation.siren_trans_shake": {
      "timeline": {
        "10": [
		  "/execute @s ~~~ camerashake add @a[m=!c,r=50] 0.5 8 rotational"
        ]
      },
      "animation_length": 20,
      "loop": true
    }
  }
}