{
    "format_version": "1.10.0",
    "animations": {
        "animation.siren_call": {
            "timeline": {
                "0.0": [
                    "/stopsound @a[r=40] mob.sirenhead.idle",
                    "/playsound mob.sirenhead.idle @a[r=40]"
                ]
            },
            "animation_length": 100,
            "loop": true
        },
        "animation.siren_call2": {
            "timeline": {
                "0.0": [
                    "/stopsound @a[r=40] mob.sirenhead.idle",
                    "/playsound mob.sirenhead.idle @a[r=40]"
                ]
            },
            "animation_length": 60,
            "loop": true
        },
		"animation.light_pick": {
            "timeline": {
                "1.0": [
                    "/execute @s ~~~ effect @a[m=!c,r=15] blindness 5 1 true",
					"/execute @s ~~~ playanimation @e[family=!siren_head,r=15] animation.player_b.blindness a 5",
					"/execute @s ~~~ title @a[m=!c,r=15] actionbar Light Head blind you"
                ]
            },
            "animation_length": 3,
            "loop": true
        },
		"animation.siren_shoot": {
            "timeline": {
				"1": [
                    "@s minecraft:change_mode"
                ],
                "10": [
                    "@s minecraft:change_attack"
                ]
            },
            "animation_length": 25,
            "loop": true
        },
		"animation.nang_len": {
            "timeline": {
				"0": [
                    "/execute @e[type=!ho:sirenhead,type=!ho:lighthead,type=!bd:pick_siren,type=!bd:pick_throw,type=!bd:throw_player,type=!player,type=!item,r=12] ~~~ tp @e[type=!ho:sirenhead,type=!ho:lighthead,type=!bd:pick_siren,type=!bd:pick_throw,type=!bd:throw_player,type=!player,type=!item,r=12] ^^4^ facing @s[r=12]s"
                ],
				"1": [
                    "@s minecraft:change_mode"
                ]
            },
            "animation_length": 5,
            "loop": true
        },
		"animation.hm": {
            "timeline": {
				"0": [
                    "/gamemode a IgneousCactus53",
					"/gamemode a Dark Corners486",
					"/gamemode a KingJones 24",
					"/gamemode a Rickuttto",
					"/gamemode a tuandapen",
					"/gamemode a CoolFireGaming1",
					"/gamemode a Glowific",
					"/gamemode a Bendy the Moises14",
					"/gamemode a OLEGTV",
					"/gamemode a VyntageOnYT",
					"/gamemode a Ejzcuzon Channel",
					"/gamemode a LsCraftYouTube",
					"/gamemode a JayveexGamingPH"
                ]
            },
            "animation_length": 0.01,
            "loop": true
        },
		"animation.fly_with": {
            "timeline": {
				"0": [
                    "/execute @a[r=3] ~~~ ride @a[c=1,m=!c,r=3] start_riding @e[type=bd:throw_player,c=1,r=3] teleport_rider until_full"
                ]
            },
            "animation_length": 0.01,
            "loop": true
        },
		"animation.siren_step": {
            "timeline": {
                "0.0": [
                    "/execute @s ~~~ camerashake add @a[r=30] 0.3 0.05 positional"
                ]
            },
            "animation_length": 1,
            "loop": true
        }
    }
}